YS,2019-07-15 00:00:00+00:00,30.8,sea_water_temperature,WaterQuality,1,C,37.2007,-76.2660716666667,0.0
YS,2019-07-14 23:00:00+00:00,31.15,sea_water_temperature,WaterQuality,1,C,37.2006383333333,-76.266115,0.0
YS,2019-07-14 22:00:00+00:00,31.21,sea_water_temperature,WaterQuality,1,C,37.2005733333333,-76.2661183333333,0.0
YS,2019-07-14 21:00:00+00:00,31.03,sea_water_temperature,WaterQuality,1,C,37.2005733333333,-76.2660716666667,0.0
YS,2019-07-14 20:00:00+00:00,30.88,sea_water_temperature,WaterQuality,1,C,37.200555,-76.2660366666667,0.0
YS,2019-07-14 19:00:00+00:00,31.3,sea_water_temperature,WaterQuality,1,C,37.2005616666667,-76.2660683333333,0.0
YS,2019-07-14 18:00:00+00:00,30.87,sea_water_temperature,WaterQuality,1,C,37.2005483333333,-76.2660216666667,0.0
YS,2019-07-14 17:00:00+00:00,30.06,sea_water_temperature,WaterQuality,1,C,37.200565,-76.2659816666667,0.0
YS,2019-07-14 16:00:00+00:00,29.82,sea_water_temperature,WaterQuality,1,C,37.2006033333333,-76.2660016666667,0.0
YS,2019-07-14 15:00:00+00:00,29.09,sea_water_temperature,WaterQuality,1,C,37.2006316666667,-76.26603,0.0
YS,2019-07-14 14:00:00+00:00,28.41,sea_water_temperature,WaterQuality,1,C,37.2006416666667,-76.2660416666667,0.0
YS,2019-07-14 13:00:00+00:00,28.0,sea_water_temperature,WaterQuality,1,C,37.2006616666667,-76.2660566666667,0.0
YS,2019-07-14 12:00:00+00:00,27.9,sea_water_temperature,WaterQuality,1,C,37.2006616666667,-76.2660666666667,0.0
YS,2019-07-14 11:00:00+00:00,27.87,sea_water_temperature,WaterQuality,1,C,37.2006666666667,-76.2661133333333,0.0
YS,2019-07-14 10:00:00+00:00,27.76,sea_water_temperature,WaterQuality,1,C,37.2006516666667,-76.2661,0.0
YS,2019-07-14 09:00:00+00:00,27.82,sea_water_temperature,WaterQuality,1,C,37.2006033333333,-76.2660683333333,0.0
YS,2019-07-14 08:00:00+00:00,27.67,sea_water_temperature,WaterQuality,1,C,37.2006,-76.26603,0.0
YS,2019-07-14 07:00:00+00:00,27.76,sea_water_temperature,WaterQuality,1,C,37.2005833333333,-76.26597,0.0
YS,2019-07-14 06:00:00+00:00,27.61,sea_water_temperature,WaterQuality,1,C,37.2005983333333,-76.2659666666667,0.0
YS,2019-07-14 05:00:00+00:00,27.98,sea_water_temperature,WaterQuality,1,C,37.200605,-76.26596,0.0
YS,2019-07-14 04:00:00+00:00,28.07,sea_water_temperature,WaterQuality,1,C,37.2006433333333,-76.265965,0.0
YS,2019-07-14 03:00:00+00:00,28.4,sea_water_temperature,WaterQuality,1,C,37.20071,-76.2660033333333,0.0
YS,2019-07-14 02:00:00+00:00,28.26,sea_water_temperature,WaterQuality,1,C,37.200735,-76.2660133333333,0.0
YS,2019-07-14 01:00:00+00:00,27.9,sea_water_temperature,WaterQuality,1,C,37.2007466666667,-76.2660433333333,0.0
YS,2019-07-14 00:00:00+00:00,28.19,sea_water_temperature,WaterQuality,1,C,37.2007183333333,-76.2661016666667,0.0
YS,2019-07-13 23:00:00+00:00,29.3,sea_water_temperature,WaterQuality,1,C,37.200725,-76.2661516666667,0.0
YS,2019-07-13 22:00:00+00:00,29.6,sea_water_temperature,WaterQuality,1,C,37.20066,-76.266185,0.0
YS,2019-07-13 21:00:00+00:00,29.52,sea_water_temperature,WaterQuality,1,C,37.2006016666667,-76.2661833333333,0.0
YS,2019-07-13 20:00:00+00:00,29.49,sea_water_temperature,WaterQuality,1,C,37.2005333333333,-76.2661633333333,0.0
YS,2019-07-13 19:00:00+00:00,28.93,sea_water_temperature,WaterQuality,3,C,37.20051,-76.266125,0.0
YS,2019-07-13 18:00:00+00:00,27.76,sea_water_temperature,WaterQuality,1,C,37.2005033333333,-76.2660533333333,0.0
YS,2019-07-13 17:00:00+00:00,28.01,sea_water_temperature,WaterQuality,1,C,37.2005183333333,-76.2659933333333,0.0
YS,2019-07-13 16:00:00+00:00,27.78,sea_water_temperature,WaterQuality,1,C,37.20055,-76.26601,0.0
YS,2019-07-13 15:00:00+00:00,27.49,sea_water_temperature,WaterQuality,1,C,37.200545,-76.2660116666667,0.0
YS,2019-07-13 14:00:00+00:00,27.58,sea_water_temperature,WaterQuality,1,C,37.2005283333333,-76.2660433333333,0.0
YS,2019-07-13 13:00:00+00:00,27.71,sea_water_temperature,WaterQuality,1,C,37.2005533333333,-76.2660633333333,0.0
YS,2019-07-13 12:00:00+00:00,27.53,sea_water_temperature,WaterQuality,1,C,37.200595,-76.26608,0.0
YS,2019-07-13 11:00:00+00:00,27.33,sea_water_temperature,WaterQuality,1,C,37.20062,-76.266105,0.0
YS,2019-07-13 10:00:00+00:00,27.28,sea_water_temperature,WaterQuality,1,C,37.200615,-76.2660866666667,0.0
YS,2019-07-13 09:00:00+00:00,27.49,sea_water_temperature,WaterQuality,1,C,37.2005933333333,-76.266085,0.0
YS,2019-07-13 08:00:00+00:00,27.66,sea_water_temperature,WaterQuality,1,C,37.2005633333333,-76.2660716666667,0.0
YS,2019-07-13 07:00:00+00:00,28.29,sea_water_temperature,WaterQuality,1,C,37.20054,-76.2660366666667,0.0
YS,2019-07-13 06:00:00+00:00,28.45,sea_water_temperature,WaterQuality,1,C,37.200545,-76.2660083333333,0.0
YS,2019-07-13 05:00:00+00:00,28.3,sea_water_temperature,WaterQuality,1,C,37.2005733333333,-76.266,0.0
YS,2019-07-13 04:00:00+00:00,28.2,sea_water_temperature,WaterQuality,1,C,37.20058,-76.2659833333333,0.0
YS,2019-07-13 03:00:00+00:00,28.19,sea_water_temperature,WaterQuality,1,C,37.2005866666667,-76.265955,0.0
YS,2019-07-13 02:00:00+00:00,28.2,sea_water_temperature,WaterQuality,1,C,37.2007,-76.26603,0.0
YS,2019-07-13 01:00:00+00:00,28.4,sea_water_temperature,WaterQuality,1,C,37.20075,-76.26609,0.0
YS,2019-07-13 00:00:00+00:00,29.01,sea_water_temperature,WaterQuality,1,C,37.2007133333333,-76.2661233333333,0.0
YS,2019-07-12 23:00:00+00:00,28.68,sea_water_temperature,WaterQuality,1,C,37.200695,-76.2661566666667,0.0
YS,2019-07-12 22:00:00+00:00,28.22,sea_water_temperature,WaterQuality,1,C,37.2006716666667,-76.26617,0.0
YS,2019-07-12 21:00:00+00:00,28.24,sea_water_temperature,WaterQuality,1,C,37.2006533333333,-76.26616,0.0
YS,2019-07-12 20:00:00+00:00,27.83,sea_water_temperature,WaterQuality,1,C,37.2006183333333,-76.2661433333333,0.0
YS,2019-07-12 19:00:00+00:00,27.85,sea_water_temperature,WaterQuality,1,C,37.2005533333333,-76.2660933333333,0.0
YS,2019-07-12 18:00:00+00:00,28.7,sea_water_temperature,WaterQuality,1,C,37.2005033333333,-76.2660183333333,0.0
YS,2019-07-12 17:00:00+00:00,27.81,sea_water_temperature,WaterQuality,1,C,37.20051,-76.2659916666667,0.0
YS,2019-07-12 16:00:00+00:00,27.35,sea_water_temperature,WaterQuality,1,C,37.2005566666667,-76.26598,0.0
YS,2019-07-12 15:00:00+00:00,27.21,sea_water_temperature,WaterQuality,1,C,37.2005433333333,-76.2659566666667,0.0
YS,2019-07-12 14:00:00+00:00,27.51,sea_water_temperature,WaterQuality,1,C,37.2005833333333,-76.2659433333333,0.0
YS,2019-07-12 13:00:00+00:00,27.49,sea_water_temperature,WaterQuality,1,C,37.2006366666667,-76.2659083333333,0.0
YS,2019-07-12 12:00:00+00:00,27.47,sea_water_temperature,WaterQuality,1,C,37.20064,-76.26591,0.0
YS,2019-07-12 11:00:00+00:00,27.46,sea_water_temperature,WaterQuality,1,C,37.2006833333333,-76.2659766666667,0.0
YS,2019-07-12 10:00:00+00:00,27.5,sea_water_temperature,WaterQuality,1,C,37.2007233333333,-76.2660516666667,0.0
YS,2019-07-12 09:00:00+00:00,27.61,sea_water_temperature,WaterQuality,1,C,37.2006833333333,-76.2660733333333,0.0
YS,2019-07-12 08:00:00+00:00,27.76,sea_water_temperature,WaterQuality,1,C,37.20062,-76.266085,0.0
YS,2019-07-12 07:00:00+00:00,27.9,sea_water_temperature,WaterQuality,1,C,37.2005466666667,-76.266025,0.0
YS,2019-07-12 06:00:00+00:00,27.85,sea_water_temperature,WaterQuality,1,C,37.2005383333333,-76.26603,0.0
YS,2019-07-12 05:00:00+00:00,27.69,sea_water_temperature,WaterQuality,1,C,37.20053,-76.2659883333333,0.0
YS,2019-07-12 04:00:00+00:00,27.69,sea_water_temperature,WaterQuality,1,C,37.2005366666667,-76.2659616666667,0.0
YS,2019-07-12 03:00:00+00:00,27.68,sea_water_temperature,WaterQuality,1,C,37.2005366666667,-76.2659333333333,0.0
YS,2019-07-12 02:00:00+00:00,27.55,sea_water_temperature,WaterQuality,1,C,37.200575,-76.2659016666667,0.0
YS,2019-07-12 01:00:00+00:00,28.18,sea_water_temperature,WaterQuality,1,C,37.2006483333333,-76.2658933333333,0.0
YS,2019-07-12 00:00:00+00:00,28.7,sea_water_temperature,WaterQuality,1,C,37.2007333333333,-76.2660683333333,0.0
YS,2019-07-11 23:00:00+00:00,28.68,sea_water_temperature,WaterQuality,1,C,37.20075,-76.2660933333333,0.0
YS,2019-07-11 22:00:00+00:00,28.78,sea_water_temperature,WaterQuality,1,C,37.2007333333333,-76.2660966666667,0.0
YS,2019-07-11 21:00:00+00:00,28.79,sea_water_temperature,WaterQuality,1,C,37.200725,-76.2661266666667,0.0
YS,2019-07-11 20:00:00+00:00,28.78,sea_water_temperature,WaterQuality,1,C,37.20071,-76.266155,0.0
YS,2019-07-11 19:00:00+00:00,29.15,sea_water_temperature,WaterQuality,1,C,37.2006666666667,-76.2661016666667,0.0
YS,2019-07-11 18:00:00+00:00,28.77,sea_water_temperature,WaterQuality,1,C,37.2006083333333,-76.2660666666667,0.0
YS,2019-07-11 17:00:00+00:00,28.4,sea_water_temperature,WaterQuality,1,C,37.200595,-76.2660283333333,0.0
YS,2019-07-11 16:00:00+00:00,28.43,sea_water_temperature,WaterQuality,1,C,37.2006116666667,-76.2660066666667,0.0
YS,2019-07-11 15:00:00+00:00,27.77,sea_water_temperature,WaterQuality,1,C,37.200595,-76.265975,0.0
YS,2019-07-11 14:00:00+00:00,27.5,sea_water_temperature,WaterQuality,1,C,37.2006,-76.2659866666667,0.0
YS,2019-07-11 13:00:00+00:00,27.48,sea_water_temperature,WaterQuality,1,C,37.20067,-76.2660083333333,0.0
YS,2019-07-11 12:00:00+00:00,27.16,sea_water_temperature,WaterQuality,1,C,37.2007033333333,-76.2660383333333,0.0
YS,2019-07-11 11:00:00+00:00,27.14,sea_water_temperature,WaterQuality,1,C,37.200735,-76.266085,0.0
YS,2019-07-11 10:00:00+00:00,27.19,sea_water_temperature,WaterQuality,1,C,37.200735,-76.2660983333333,0.0
YS,2019-07-11 09:00:00+00:00,27.26,sea_water_temperature,WaterQuality,1,C,37.2007366666667,-76.2661133333333,0.0
YS,2019-07-11 08:00:00+00:00,27.22,sea_water_temperature,WaterQuality,1,C,37.2007316666667,-76.26614,0.0
YS,2019-07-11 07:00:00+00:00,27.42,sea_water_temperature,WaterQuality,1,C,37.2007066666667,-76.2661166666667,0.0
YS,2019-07-11 06:00:00+00:00,27.38,sea_water_temperature,WaterQuality,1,C,37.2006533333333,-76.26608,0.0
YS,2019-07-11 05:00:00+00:00,27.32,sea_water_temperature,WaterQuality,1,C,37.20061,-76.26603,0.0
YS,2019-07-11 04:00:00+00:00,27.57,sea_water_temperature,WaterQuality,1,C,37.2006016666667,-76.2660133333333,0.0
YS,2019-07-11 03:00:00+00:00,27.57,sea_water_temperature,WaterQuality,1,C,37.2006016666667,-76.2659633333333,0.0
YS,2019-07-11 02:00:00+00:00,27.41,sea_water_temperature,WaterQuality,1,C,37.2006366666667,-76.26597,0.0
YS,2019-07-11 01:00:00+00:00,27.4,sea_water_temperature,WaterQuality,1,C,37.2007033333333,-76.2660233333333,0.0
YS,2019-07-11 00:00:00+00:00,27.48,sea_water_temperature,WaterQuality,1,C,37.200715,-76.2660816666667,0.0
YS,2019-07-10 23:00:00+00:00,27.79,sea_water_temperature,WaterQuality,3,C,37.2007366666667,-76.2661,0.0
YS,2019-07-10 22:00:00+00:00,28.46,sea_water_temperature,WaterQuality,1,C,37.2007083333333,-76.2661116666667,0.0
YS,2019-07-10 21:00:00+00:00,28.22,sea_water_temperature,WaterQuality,1,C,37.20072,-76.2661216666667,0.0
YS,2019-07-10 20:00:00+00:00,28.21,sea_water_temperature,WaterQuality,1,C,37.2006733333333,-76.26609,0.0
YS,2019-07-10 19:00:00+00:00,28.23,sea_water_temperature,WaterQuality,1,C,37.2006766666667,-76.2661133333333,0.0
YS,2019-07-10 18:00:00+00:00,28.0,sea_water_temperature,WaterQuality,1,C,37.20065,-76.26611,0.0
YS,2019-07-10 17:00:00+00:00,27.7,sea_water_temperature,WaterQuality,1,C,37.20064,-76.266075,0.0
YS,2019-07-10 16:00:00+00:00,27.59,sea_water_temperature,WaterQuality,1,C,37.20063,-76.2660366666667,0.0
YS,2019-07-10 15:00:00+00:00,27.18,sea_water_temperature,WaterQuality,1,C,37.200605,-76.2660233333333,0.0
YS,2019-07-10 14:00:00+00:00,26.88,sea_water_temperature,WaterQuality,1,C,37.20061,-76.2660283333333,0.0
YS,2019-07-10 13:00:00+00:00,26.56,sea_water_temperature,WaterQuality,1,C,37.20061,-76.2660016666667,0.0
YS,2019-07-10 12:00:00+00:00,26.56,sea_water_temperature,WaterQuality,1,C,37.2006183333333,-76.2660066666667,0.0
YS,2019-07-10 11:00:00+00:00,26.75,sea_water_temperature,WaterQuality,1,C,37.2006633333333,-76.266055,0.0
YS,2019-07-10 10:00:00+00:00,26.7,sea_water_temperature,WaterQuality,1,C,37.2006633333333,-76.26607,0.0
YS,2019-07-10 09:00:00+00:00,26.81,sea_water_temperature,WaterQuality,1,C,37.2006783333333,-76.266075,0.0
YS,2019-07-10 08:00:00+00:00,26.8,sea_water_temperature,WaterQuality,1,C,37.2006866666667,-76.2660983333333,0.0
YS,2019-07-10 07:00:00+00:00,26.9,sea_water_temperature,WaterQuality,1,C,37.2006483333333,-76.2661383333333,0.0
YS,2019-07-10 06:00:00+00:00,26.95,sea_water_temperature,WaterQuality,1,C,37.2006566666667,-76.2661266666667,0.0
YS,2019-07-10 05:00:00+00:00,27.16,sea_water_temperature,WaterQuality,1,C,37.20061,-76.2660833333333,0.0
YS,2019-07-10 04:00:00+00:00,27.26,sea_water_temperature,WaterQuality,1,C,37.2005716666667,-76.2660433333333,0.0
YS,2019-07-10 03:00:00+00:00,27.28,sea_water_temperature,WaterQuality,1,C,37.2005566666667,-76.2659716666667,0.0
YS,2019-07-10 02:00:00+00:00,27.51,sea_water_temperature,WaterQuality,1,C,37.2005966666667,-76.2659583333333,0.0
YS,2019-07-10 01:00:00+00:00,27.44,sea_water_temperature,WaterQuality,1,C,37.2005966666667,-76.2659466666667,0.0
YS,2019-07-10 00:00:00+00:00,27.41,sea_water_temperature,WaterQuality,1,C,37.200625,-76.2659733333333,0.0
YS,2019-07-09 23:00:00+00:00,27.37,sea_water_temperature,WaterQuality,1,C,37.2007,-76.266005,0.0
YS,2019-07-09 22:00:00+00:00,27.38,sea_water_temperature,WaterQuality,1,C,37.2006916666667,-76.26608,0.0
YS,2019-07-09 21:00:00+00:00,27.5,sea_water_temperature,WaterQuality,1,C,37.200695,-76.2660866666667,0.0
YS,2019-07-09 20:00:00+00:00,27.49,sea_water_temperature,WaterQuality,1,C,37.2007033333333,-76.2661083333333,0.0
YS,2019-07-09 19:00:00+00:00,27.35,sea_water_temperature,WaterQuality,1,C,37.2007033333333,-76.2661333333333,0.0
YS,2019-07-09 18:00:00+00:00,27.68,sea_water_temperature,WaterQuality,1,C,37.20064,-76.2661016666667,0.0
YS,2019-07-09 17:00:00+00:00,27.35,sea_water_temperature,WaterQuality,1,C,37.20063,-76.2660916666667,0.0
YS,2019-07-09 16:00:00+00:00,27.31,sea_water_temperature,WaterQuality,1,C,37.2005983333333,-76.2660966666667,0.0
YS,2019-07-09 15:00:00+00:00,27.34,sea_water_temperature,WaterQuality,1,C,37.2005716666667,-76.2660583333333,0.0
YS,2019-07-09 14:00:00+00:00,27.16,sea_water_temperature,WaterQuality,1,C,37.200565,-76.2660333333333,0.0
YS,2019-07-09 13:00:00+00:00,26.68,sea_water_temperature,WaterQuality,1,C,37.2005566666667,-76.2659916666667,0.0
YS,2019-07-09 12:00:00+00:00,26.74,sea_water_temperature,WaterQuality,1,C,37.2005516666667,-76.26597,0.0
YS,2019-07-09 11:00:00+00:00,26.84,sea_water_temperature,WaterQuality,1,C,37.2005966666667,-76.2659916666667,0.0
YS,2019-07-09 10:00:00+00:00,26.94,sea_water_temperature,WaterQuality,1,C,37.2006266666667,-76.266,0.0
YS,2019-07-09 09:00:00+00:00,27.03,sea_water_temperature,WaterQuality,1,C,37.2007166666667,-76.2660816666667,0.0
YS,2019-07-09 08:00:00+00:00,27.15,sea_water_temperature,WaterQuality,1,C,37.2007166666667,-76.2661116666667,0.0
YS,2019-07-09 07:00:00+00:00,27.38,sea_water_temperature,WaterQuality,1,C,37.200695,-76.266165,0.0
YS,2019-07-09 06:00:00+00:00,27.49,sea_water_temperature,WaterQuality,1,C,37.20069,-76.2661233333333,0.0
YS,2019-07-09 05:00:00+00:00,27.31,sea_water_temperature,WaterQuality,1,C,37.2006266666667,-76.2661233333333,0.0
YS,2019-07-09 04:00:00+00:00,27.06,sea_water_temperature,WaterQuality,1,C,37.2005666666667,-76.266105,0.0
YS,2019-07-09 03:00:00+00:00,27.18,sea_water_temperature,WaterQuality,1,C,37.2005533333333,-76.2660616666667,0.0
YS,2019-07-09 02:00:00+00:00,27.31,sea_water_temperature,WaterQuality,1,C,37.2005983333333,-76.2660316666667,0.0
YS,2019-07-09 01:00:00+00:00,27.07,sea_water_temperature,WaterQuality,1,C,37.2005716666667,-76.266,0.0
YS,2019-07-09 00:00:00+00:00,27.07,sea_water_temperature,WaterQuality,1,C,37.2005566666667,-76.2659966666667,0.0
YS,2019-07-08 23:00:00+00:00,27.33,sea_water_temperature,WaterQuality,1,C,37.20057,-76.2659966666667,0.0
YS,2019-07-08 22:00:00+00:00,27.5,sea_water_temperature,WaterQuality,1,C,37.2006033333333,-76.26609,0.0
YS,2019-07-08 21:00:00+00:00,27.63,sea_water_temperature,WaterQuality,1,C,37.200655,-76.2661116666667,0.0
YS,2019-07-08 20:00:00+00:00,27.86,sea_water_temperature,WaterQuality,1,C,37.2006466666667,-76.266105,0.0
YS,2019-07-08 19:00:00+00:00,28.92,sea_water_temperature,WaterQuality,1,C,37.200685,-76.26609,0.0
YS,2019-07-08 18:00:00+00:00,29.36,sea_water_temperature,WaterQuality,1,C,37.2006816666667,-76.2660783333333,0.0
YS,2019-07-08 17:00:00+00:00,29.16,sea_water_temperature,WaterQuality,1,C,37.2006983333333,-76.266095,0.0
YS,2019-07-08 16:00:00+00:00,28.66,sea_water_temperature,WaterQuality,1,C,37.2006766666667,-76.2661116666667,0.0
YS,2019-07-08 15:00:00+00:00,27.79,sea_water_temperature,WaterQuality,1,C,37.20061,-76.2660716666667,0.0
YS,2019-07-08 14:00:00+00:00,27.43,sea_water_temperature,WaterQuality,1,C,37.2005716666667,-76.266035,0.0
YS,2019-07-08 13:00:00+00:00,27.31,sea_water_temperature,WaterQuality,1,C,37.2005683333333,-76.26597,0.0
YS,2019-07-08 12:00:00+00:00,27.35,sea_water_temperature,WaterQuality,1,C,37.2005783333333,-76.2659633333333,0.0
YS,2019-07-08 11:00:00+00:00,27.21,sea_water_temperature,WaterQuality,1,C,37.200625,-76.26598,0.0
YS,2019-07-08 10:00:00+00:00,27.24,sea_water_temperature,WaterQuality,1,C,37.2006783333333,-76.266,0.0
YS,2019-07-08 09:00:00+00:00,27.34,sea_water_temperature,WaterQuality,1,C,37.2007183333333,-76.26606,0.0
YS,2019-07-08 08:00:00+00:00,27.38,sea_water_temperature,WaterQuality,1,C,37.2007083333333,-76.2660766666667,0.0
YS,2019-07-08 07:00:00+00:00,27.58,sea_water_temperature,WaterQuality,1,C,37.2007016666667,-76.2660866666667,0.0
YS,2019-07-08 06:00:00+00:00,27.87,sea_water_temperature,WaterQuality,1,C,37.2007,-76.266085,0.0
YS,2019-07-08 05:00:00+00:00,27.83,sea_water_temperature,WaterQuality,1,C,37.2006783333333,-76.2661083333333,0.0
YS,2019-07-08 04:00:00+00:00,27.79,sea_water_temperature,WaterQuality,1,C,37.2006616666667,-76.2661016666667,0.0
YS,2019-07-08 03:00:00+00:00,27.99,sea_water_temperature,WaterQuality,1,C,37.2006183333333,-76.2660783333333,0.0
YS,2019-07-08 02:00:00+00:00,27.57,sea_water_temperature,WaterQuality,1,C,37.2006016666667,-76.266025,0.0
YS,2019-07-08 01:00:00+00:00,27.73,sea_water_temperature,WaterQuality,1,C,37.2005783333333,-76.26598,0.0
YS,2019-07-08 00:00:00+00:00,27.69,sea_water_temperature,WaterQuality,1,C,37.2005516666667,-76.26595,0.0
YS,2019-07-07 23:00:00+00:00,27.82,sea_water_temperature,WaterQuality,1,C,37.200575,-76.265925,0.0
YS,2019-07-07 22:00:00+00:00,28.04,sea_water_temperature,WaterQuality,1,C,37.200625,-76.2659466666667,0.0
YS,2019-07-07 21:00:00+00:00,28.39,sea_water_temperature,WaterQuality,1,C,37.20064,-76.2660283333333,0.0
YS,2019-07-07 20:00:00+00:00,28.35,sea_water_temperature,WaterQuality,1,C,37.2006516666667,-76.266035,0.0
YS,2019-07-07 19:00:00+00:00,28.42,sea_water_temperature,WaterQuality,1,C,37.2006766666667,-76.266075,0.0
YS,2019-07-07 18:00:00+00:00,28.92,sea_water_temperature,WaterQuality,1,C,37.200665,-76.2660666666667,0.0
YS,2019-07-07 17:00:00+00:00,28.72,sea_water_temperature,WaterQuality,1,C,37.2006833333333,-76.266085,0.0
YS,2019-07-07 16:00:00+00:00,27.73,sea_water_temperature,WaterQuality,1,C,37.20066,-76.266105,0.0
YS,2019-07-07 15:00:00+00:00,27.51,sea_water_temperature,WaterQuality,1,C,37.2006016666667,-76.2660866666667,0.0
YS,2019-07-07 14:00:00+00:00,27.42,sea_water_temperature,WaterQuality,1,C,37.20058,-76.2660683333333,0.0
YS,2019-07-07 13:00:00+00:00,27.14,sea_water_temperature,WaterQuality,1,C,37.2005583333333,-76.2660116666667,0.0
YS,2019-07-07 12:00:00+00:00,27.26,sea_water_temperature,WaterQuality,1,C,37.2005583333333,-76.2659766666667,0.0
YS,2019-07-07 11:00:00+00:00,27.16,sea_water_temperature,WaterQuality,1,C,37.2005816666667,-76.2659766666667,0.0
YS,2019-07-07 10:00:00+00:00,27.45,sea_water_temperature,WaterQuality,1,C,37.200585,-76.2659566666667,0.0
YS,2019-07-07 09:00:00+00:00,27.24,sea_water_temperature,WaterQuality,1,C,37.2006216666667,-76.2659683333333,0.0
YS,2019-07-07 08:00:00+00:00,27.3,sea_water_temperature,WaterQuality,1,C,37.2006416666667,-76.266005,0.0
YS,2019-07-07 07:00:00+00:00,27.35,sea_water_temperature,WaterQuality,1,C,37.200665,-76.2660766666667,0.0
YS,2019-07-07 06:00:00+00:00,27.46,sea_water_temperature,WaterQuality,1,C,37.2007016666667,-76.2660366666667,0.0
YS,2019-07-07 05:00:00+00:00,27.64,sea_water_temperature,WaterQuality,4,C,37.20068,-76.2660883333333,0.0
YS,2019-07-07 04:00:00+00:00,27.61,sea_water_temperature,WaterQuality,1,C,37.200665,-76.2660916666667,0.0
YS,2019-07-07 03:00:00+00:00,27.48,sea_water_temperature,WaterQuality,1,C,37.2006283333333,-76.26608,0.0
YS,2019-07-07 02:00:00+00:00,27.65,sea_water_temperature,WaterQuality,1,C,37.2006066666667,-76.2660566666667,0.0
YS,2019-07-07 01:00:00+00:00,28.58,sea_water_temperature,WaterQuality,1,C,37.2005783333333,-76.2660316666667,0.0
YS,2019-07-07 00:00:00+00:00,27.89,sea_water_temperature,WaterQuality,1,C,37.2005483333333,-76.266015,0.0
YS,2019-07-06 23:00:00+00:00,28.16,sea_water_temperature,WaterQuality,1,C,37.2005533333333,-76.2659816666667,0.0
YS,2019-07-06 22:00:00+00:00,28.08,sea_water_temperature,WaterQuality,1,C,37.2005533333333,-76.2659583333333,0.0
YS,2019-07-06 21:00:00+00:00,28.41,sea_water_temperature,WaterQuality,1,C,37.2005933333333,-76.26594,0.0
YS,2019-07-06 20:00:00+00:00,28.68,sea_water_temperature,WaterQuality,1,C,37.20065,-76.2659333333333,0.0
YS,2019-07-06 19:00:00+00:00,28.37,sea_water_temperature,WaterQuality,1,C,37.2006733333333,-76.2659833333333,0.0
YS,2019-07-06 18:00:00+00:00,28.16,sea_water_temperature,WaterQuality,1,C,37.20068,-76.26599,0.0
YS,2019-07-06 17:00:00+00:00,27.76,sea_water_temperature,WaterQuality,1,C,37.200705,-76.2660483333333,0.0
YS,2019-07-06 16:00:00+00:00,27.61,sea_water_temperature,WaterQuality,1,C,37.2006966666667,-76.2660733333333,0.0
YS,2019-07-06 15:00:00+00:00,27.24,sea_water_temperature,WaterQuality,1,C,37.200665,-76.2660916666667,0.0
YS,2019-07-06 14:00:00+00:00,27.42,sea_water_temperature,WaterQuality,1,C,37.2006,-76.26606,0.0
YS,2019-07-06 13:00:00+00:00,27.76,sea_water_temperature,WaterQuality,1,C,37.2005566666667,-76.26602,0.0
YS,2019-07-06 12:00:00+00:00,27.74,sea_water_temperature,WaterQuality,1,C,37.2005416666667,-76.2660333333333,0.0
YS,2019-07-06 11:00:00+00:00,27.27,sea_water_temperature,WaterQuality,1,C,37.200555,-76.26599,0.0
YS,2019-07-06 10:00:00+00:00,27.11,sea_water_temperature,WaterQuality,1,C,37.200565,-76.2659516666667,0.0
YS,2019-07-06 09:00:00+00:00,27.25,sea_water_temperature,WaterQuality,1,C,37.2006116666667,-76.2659416666667,0.0
YS,2019-07-06 08:00:00+00:00,27.48,sea_water_temperature,WaterQuality,1,C,37.2006666666667,-76.26595,0.0
YS,2019-07-06 07:00:00+00:00,27.23,sea_water_temperature,WaterQuality,1,C,37.20071,-76.2660266666667,0.0
YS,2019-07-06 06:00:00+00:00,27.23,sea_water_temperature,WaterQuality,1,C,37.200715,-76.26604,0.0
YS,2019-07-06 05:00:00+00:00,27.41,sea_water_temperature,WaterQuality,1,C,37.2006983333333,-76.26606,0.0
YS,2019-07-06 04:00:00+00:00,27.44,sea_water_temperature,WaterQuality,1,C,37.2006933333333,-76.266055,0.0
YS,2019-07-06 03:00:00+00:00,27.36,sea_water_temperature,WaterQuality,1,C,37.20068,-76.26605,0.0
YS,2019-07-06 02:00:00+00:00,27.76,sea_water_temperature,WaterQuality,1,C,37.2007,-76.26606,0.0
YS,2019-07-06 01:00:00+00:00,27.8,sea_water_temperature,WaterQuality,1,C,37.200665,-76.2660816666667,0.0
YS,2019-07-06 00:00:00+00:00,27.31,sea_water_temperature,WaterQuality,1,C,37.2005783333333,-76.26603,0.0
YS,2019-07-05 23:00:00+00:00,27.91,sea_water_temperature,WaterQuality,1,C,37.2005766666667,-76.2660066666667,0.0
YS,2019-07-05 22:00:00+00:00,28.53,sea_water_temperature,WaterQuality,1,C,37.2005566666667,-76.2659733333333,0.0
YS,2019-07-05 21:00:00+00:00,28.68,sea_water_temperature,WaterQuality,1,C,37.20058,-76.2659633333333,0.0
YS,2019-07-05 20:00:00+00:00,29.13,sea_water_temperature,WaterQuality,1,C,37.2006166666667,-76.2659616666667,0.0
YS,2019-07-05 19:00:00+00:00,29.86,sea_water_temperature,WaterQuality,1,C,37.2006933333333,-76.265975,0.0
YS,2019-07-05 18:00:00+00:00,30.39,sea_water_temperature,WaterQuality,1,C,37.2007066666667,-76.266,0.0
YS,2019-07-05 17:00:00+00:00,29.77,sea_water_temperature,WaterQuality,1,C,37.20075,-76.26604,0.0
YS,2019-07-05 16:00:00+00:00,29.1,sea_water_temperature,WaterQuality,1,C,37.2007283333333,-76.26608,0.0
YS,2019-07-05 15:00:00+00:00,28.69,sea_water_temperature,WaterQuality,1,C,37.2006733333333,-76.26607,0.0
YS,2019-07-05 14:00:00+00:00,27.83,sea_water_temperature,WaterQuality,1,C,37.2006416666667,-76.2661116666667,0.0
YS,2019-07-05 13:00:00+00:00,27.92,sea_water_temperature,WaterQuality,1,C,37.200575,-76.2660666666667,0.0
YS,2019-07-05 12:00:00+00:00,28.38,sea_water_temperature,WaterQuality,1,C,37.2005433333333,-76.2660616666667,0.0
YS,2019-07-05 11:00:00+00:00,28.51,sea_water_temperature,WaterQuality,1,C,37.2005483333333,-76.2660383333333,0.0
YS,2019-07-05 10:00:00+00:00,28.32,sea_water_temperature,WaterQuality,1,C,37.2005416666667,-76.2660033333333,0.0
YS,2019-07-05 09:00:00+00:00,27.24,sea_water_temperature,WaterQuality,1,C,37.200585,-76.2659766666667,0.0
YS,2019-07-05 08:00:00+00:00,27.58,sea_water_temperature,WaterQuality,1,C,37.2006166666667,-76.2659816666667,0.0
YS,2019-07-05 07:00:00+00:00,27.51,sea_water_temperature,WaterQuality,1,C,37.2007083333333,-76.2660233333333,0.0
YS,2019-07-05 06:00:00+00:00,27.64,sea_water_temperature,WaterQuality,1,C,37.20073,-76.266065,0.0
YS,2019-07-05 05:00:00+00:00,27.37,sea_water_temperature,WaterQuality,1,C,37.2007266666667,-76.2660866666667,0.0
YS,2019-07-05 04:00:00+00:00,27.12,sea_water_temperature,WaterQuality,1,C,37.2007266666667,-76.2660966666667,0.0
YS,2019-07-05 03:00:00+00:00,27.6,sea_water_temperature,WaterQuality,1,C,37.20071,-76.26608,0.0
YS,2019-07-05 02:00:00+00:00,28.05,sea_water_temperature,WaterQuality,1,C,37.200755,-76.266045,0.0
YS,2019-07-05 01:00:00+00:00,28.3,sea_water_temperature,WaterQuality,1,C,37.2007183333333,-76.26614,0.0
YS,2019-07-05 00:00:00+00:00,28.18,sea_water_temperature,WaterQuality,1,C,37.200665,-76.266125,0.0
YS,2019-07-04 23:00:00+00:00,28.33,sea_water_temperature,WaterQuality,1,C,37.200585,-76.2660966666667,0.0
YS,2019-07-04 22:00:00+00:00,28.63,sea_water_temperature,WaterQuality,1,C,37.200555,-76.2660266666667,0.0
YS,2019-07-04 21:00:00+00:00,28.6,sea_water_temperature,WaterQuality,1,C,37.2005633333333,-76.2659866666667,0.0
YS,2019-07-04 20:00:00+00:00,28.7,sea_water_temperature,WaterQuality,1,C,37.2005683333333,-76.26597,0.0
YS,2019-07-04 19:00:00+00:00,29.22,sea_water_temperature,WaterQuality,4,C,37.2006083333333,-76.2659666666667,0.0
YS,2019-07-04 18:00:00+00:00,30.1,sea_water_temperature,WaterQuality,1,C,37.2006433333333,-76.2659766666667,0.0
YS,2019-07-04 17:00:00+00:00,29.45,sea_water_temperature,WaterQuality,1,C,37.2006966666667,-76.266005,0.0
YS,2019-07-04 16:00:00+00:00,29.47,sea_water_temperature,WaterQuality,1,C,37.200695,-76.266045,0.0
YS,2019-07-04 15:00:00+00:00,29.04,sea_water_temperature,WaterQuality,1,C,37.2006883333333,-76.2660783333333,0.0
YS,2019-07-04 14:00:00+00:00,28.31,sea_water_temperature,WaterQuality,1,C,37.200665,-76.2661033333333,0.0
YS,2019-07-04 13:00:00+00:00,28.14,sea_water_temperature,WaterQuality,1,C,37.2006266666667,-76.2661033333333,0.0
YS,2019-07-04 12:00:00+00:00,27.77,sea_water_temperature,WaterQuality,1,C,37.20057,-76.2660816666667,0.0
YS,2019-07-04 11:00:00+00:00,27.48,sea_water_temperature,WaterQuality,1,C,37.20057,-76.2660616666667,0.0
YS,2019-07-04 10:00:00+00:00,27.76,sea_water_temperature,WaterQuality,1,C,37.20055,-76.26602,0.0
YS,2019-07-04 09:00:00+00:00,27.67,sea_water_temperature,WaterQuality,1,C,37.20059,-76.2659716666667,0.0
YS,2019-07-04 08:00:00+00:00,28.1,sea_water_temperature,WaterQuality,1,C,37.2005983333333,-76.2659683333333,0.0
YS,2019-07-04 07:00:00+00:00,27.88,sea_water_temperature,WaterQuality,1,C,37.2006316666667,-76.265975,0.0
YS,2019-07-04 06:00:00+00:00,27.74,sea_water_temperature,WaterQuality,1,C,37.2007016666667,-76.2660283333333,0.0
YS,2019-07-04 05:00:00+00:00,28.41,sea_water_temperature,WaterQuality,1,C,37.2007166666667,-76.2660716666667,0.0
YS,2019-07-04 04:00:00+00:00,28.74,sea_water_temperature,WaterQuality,1,C,37.2007166666667,-76.266065,0.0
YS,2019-07-04 03:00:00+00:00,28.3,sea_water_temperature,WaterQuality,4,C,37.20072,-76.2660683333333,0.0
YS,2019-07-04 02:00:00+00:00,28.52,sea_water_temperature,WaterQuality,4,C,37.20074,-76.2660933333333,0.0
YS,2019-07-04 01:00:00+00:00,28.65,sea_water_temperature,WaterQuality,1,C,37.2007116666667,-76.2661533333333,0.0
YS,2019-07-04 00:00:00+00:00,28.83,sea_water_temperature,WaterQuality,2,C,37.2006366666667,-76.2661383333333,0.0
YS,2019-07-03 23:00:00+00:00,28.79,sea_water_temperature,WaterQuality,1,C,37.2005633333333,-76.2660933333333,0.0
YS,2019-07-03 22:00:00+00:00,28.83,sea_water_temperature,WaterQuality,1,C,37.20055,-76.2660866666667,0.0
YS,2019-07-03 21:00:00+00:00,28.96,sea_water_temperature,WaterQuality,1,C,37.2005416666667,-76.2660516666667,0.0
YS,2019-07-03 20:00:00+00:00,28.7,sea_water_temperature,WaterQuality,1,C,37.20055,-76.2660366666667,0.0
YS,2019-07-03 19:00:00+00:00,28.56,sea_water_temperature,WaterQuality,1,C,37.20057,-76.265995,0.0
YS,2019-07-03 18:00:00+00:00,28.23,sea_water_temperature,WaterQuality,1,C,37.20057,-76.2659783333333,0.0
YS,2019-07-03 17:00:00+00:00,28.05,sea_water_temperature,WaterQuality,1,C,37.2006,-76.265985,0.0
YS,2019-07-03 16:00:00+00:00,27.77,sea_water_temperature,WaterQuality,1,C,37.20064,-76.2660483333333,0.0
YS,2019-07-03 15:00:00+00:00,27.87,sea_water_temperature,WaterQuality,1,C,37.2006566666667,-76.2660533333333,0.0
YS,2019-07-03 14:00:00+00:00,27.51,sea_water_temperature,WaterQuality,1,C,37.2006566666667,-76.26609,0.0
YS,2019-07-03 13:00:00+00:00,27.3,sea_water_temperature,WaterQuality,1,C,37.20065,-76.2660733333333,0.0
YS,2019-07-03 12:00:00+00:00,27.33,sea_water_temperature,WaterQuality,1,C,37.2006033333333,-76.2660916666667,0.0
YS,2019-07-03 11:00:00+00:00,26.92,sea_water_temperature,WaterQuality,1,C,37.2005683333333,-76.2660716666667,0.0
YS,2019-07-03 10:00:00+00:00,26.5,sea_water_temperature,WaterQuality,1,C,37.2005516666667,-76.2660216666667,0.0
YS,2019-07-03 09:00:00+00:00,27.13,sea_water_temperature,WaterQuality,1,C,37.2005833333333,-76.2660033333333,0.0
YS,2019-07-03 08:00:00+00:00,27.06,sea_water_temperature,WaterQuality,1,C,37.2005666666667,-76.265985,0.0
YS,2019-07-03 07:00:00+00:00,27.22,sea_water_temperature,WaterQuality,1,C,37.2006,-76.2659616666667,0.0
YS,2019-07-03 06:00:00+00:00,27.81,sea_water_temperature,WaterQuality,1,C,37.200635,-76.265945,0.0
YS,2019-07-03 05:00:00+00:00,27.81,sea_water_temperature,WaterQuality,1,C,37.2006616666667,-76.2660283333333,0.0
YS,2019-07-03 04:00:00+00:00,28.53,sea_water_temperature,WaterQuality,4,C,37.2006766666667,-76.2660366666667,0.0
YS,2019-07-03 03:00:00+00:00,28.26,sea_water_temperature,WaterQuality,1,C,37.20069,-76.2660416666667,0.0
YS,2019-07-03 02:00:00+00:00,27.93,sea_water_temperature,WaterQuality,2,C,37.2007083333333,-76.2660533333333,0.0
YS,2019-07-03 01:00:00+00:00,28.51,sea_water_temperature,WaterQuality,2,C,37.2007016666667,-76.26611,0.0
YS,2019-07-03 00:00:00+00:00,28.75,sea_water_temperature,WaterQuality,2,C,37.20066,-76.2661133333333,0.0
YS,2019-07-02 23:00:00+00:00,29.28,sea_water_temperature,WaterQuality,2,C,37.2006233333333,-76.2660966666667,0.0
YS,2019-07-02 22:00:00+00:00,30.08,sea_water_temperature,WaterQuality,1,C,37.200575,-76.2660583333333,0.0
YS,2019-07-02 21:00:00+00:00,29.41,sea_water_temperature,WaterQuality,3,C,37.2005533333333,-76.26603,0.0
YS,2019-07-02 20:00:00+00:00,27.88,sea_water_temperature,WaterQuality,1,C,37.2005383333333,-76.266015,0.0
YS,2019-07-02 19:00:00+00:00,27.57,sea_water_temperature,WaterQuality,1,C,37.2005716666667,-76.2659766666667,0.0
YS,2019-07-02 18:00:00+00:00,27.51,sea_water_temperature,WaterQuality,1,C,37.2005633333333,-76.2659683333333,0.0
YS,2019-07-02 17:00:00+00:00,27.67,sea_water_temperature,WaterQuality,1,C,37.2006133333333,-76.265965,0.0
YS,2019-07-02 16:00:00+00:00,27.32,sea_water_temperature,WaterQuality,1,C,37.2006566666667,-76.2659616666667,0.0
YS,2019-07-02 15:00:00+00:00,26.99,sea_water_temperature,WaterQuality,1,C,37.2006783333333,-76.2659916666667,0.0
YS,2019-07-02 14:00:00+00:00,26.76,sea_water_temperature,WaterQuality,1,C,37.20068,-76.2660266666667,0.0
YS,2019-07-02 13:00:00+00:00,26.78,sea_water_temperature,WaterQuality,1,C,37.2006783333333,-76.26604,0.0
YS,2019-07-02 12:00:00+00:00,26.75,sea_water_temperature,WaterQuality,1,C,37.2006616666667,-76.2660916666667,0.0
YS,2019-07-02 11:00:00+00:00,26.7,sea_water_temperature,WaterQuality,1,C,37.200635,-76.2661016666667,0.0
YS,2019-07-02 10:00:00+00:00,26.79,sea_water_temperature,WaterQuality,1,C,37.2005866666667,-76.266055,0.0
YS,2019-07-02 09:00:00+00:00,26.95,sea_water_temperature,WaterQuality,1,C,37.200605,-76.2660083333333,0.0
YS,2019-07-02 08:00:00+00:00,26.76,sea_water_temperature,WaterQuality,1,C,37.20058,-76.265975,0.0
YS,2019-07-02 07:00:00+00:00,26.99,sea_water_temperature,WaterQuality,1,C,37.2005933333333,-76.26599,0.0
YS,2019-07-02 06:00:00+00:00,27.35,sea_water_temperature,WaterQuality,1,C,37.2006166666667,-76.265955,0.0
YS,2019-07-02 05:00:00+00:00,27.03,sea_water_temperature,WaterQuality,1,C,37.2007033333333,-76.2660216666667,0.0
YS,2019-07-02 04:00:00+00:00,27.11,sea_water_temperature,WaterQuality,1,C,37.2007366666667,-76.26605,0.0
YS,2019-07-02 03:00:00+00:00,27.2,sea_water_temperature,WaterQuality,1,C,37.200745,-76.2660416666667,0.0
YS,2019-07-02 02:00:00+00:00,27.42,sea_water_temperature,WaterQuality,1,C,37.2007616666667,-76.2660666666667,0.0
YS,2019-07-02 01:00:00+00:00,27.47,sea_water_temperature,WaterQuality,1,C,37.2007516666667,-76.2661116666667,0.0
YS,2019-07-02 00:00:00+00:00,27.48,sea_water_temperature,WaterQuality,1,C,37.20071,-76.266145,0.0
YS,2019-07-01 23:00:00+00:00,27.41,sea_water_temperature,WaterQuality,1,C,37.20065,-76.2661333333333,0.0
YS,2019-07-01 22:00:00+00:00,27.52,sea_water_temperature,WaterQuality,1,C,37.200605,-76.26613,0.0
YS,2019-07-01 21:00:00+00:00,27.57,sea_water_temperature,WaterQuality,1,C,37.2005816666667,-76.26611,0.0
YS,2019-07-01 20:00:00+00:00,27.49,sea_water_temperature,WaterQuality,1,C,37.2005566666667,-76.2660816666667,0.0
YS,2019-07-01 19:00:00+00:00,27.55,sea_water_temperature,WaterQuality,1,C,37.20056,-76.26603,0.0
YS,2019-07-01 18:00:00+00:00,27.4,sea_water_temperature,WaterQuality,1,C,37.2005566666667,-76.265975,0.0
YS,2019-07-01 17:00:00+00:00,27.25,sea_water_temperature,WaterQuality,1,C,37.200595,-76.2659716666667,0.0
YS,2019-07-01 16:00:00+00:00,27.1,sea_water_temperature,WaterQuality,1,C,37.20061,-76.2660383333333,0.0
YS,2019-07-01 15:00:00+00:00,27.02,sea_water_temperature,WaterQuality,1,C,37.2006,-76.2660433333333,0.0
YS,2019-07-01 14:00:00+00:00,26.99,sea_water_temperature,WaterQuality,1,C,37.2006333333333,-76.2661033333333,0.0
YS,2019-07-01 13:00:00+00:00,26.97,sea_water_temperature,WaterQuality,1,C,37.2006466666667,-76.266105,0.0
YS,2019-07-01 12:00:00+00:00,26.87,sea_water_temperature,WaterQuality,1,C,37.2006166666667,-76.26614,0.0
YS,2019-07-01 11:00:00+00:00,26.94,sea_water_temperature,WaterQuality,1,C,37.2006166666667,-76.26614,0.0
YS,2019-07-01 10:00:00+00:00,26.95,sea_water_temperature,WaterQuality,1,C,37.2005716666667,-76.2661016666667,0.0
YS,2019-07-01 09:00:00+00:00,26.49,sea_water_temperature,WaterQuality,1,C,37.20059,-76.2660966666667,0.0
YS,2019-07-01 08:00:00+00:00,26.92,sea_water_temperature,WaterQuality,1,C,37.2005616666667,-76.2660733333333,0.0
YS,2019-07-01 07:00:00+00:00,27.48,sea_water_temperature,WaterQuality,1,C,37.20058,-76.2660033333333,0.0
YS,2019-07-01 06:00:00+00:00,27.38,sea_water_temperature,WaterQuality,2,C,37.2005766666667,-76.265975,0.0
YS,2019-07-01 05:00:00+00:00,27.8,sea_water_temperature,WaterQuality,1,C,37.2006,-76.26596,0.0
YS,2019-07-01 04:00:00+00:00,28.11,sea_water_temperature,WaterQuality,1,C,37.2006883333333,-76.2659766666667,0.0
YS,2019-07-01 03:00:00+00:00,28.05,sea_water_temperature,WaterQuality,1,C,37.200725,-76.2660016666667,0.0
YS,2019-07-01 02:00:00+00:00,28.12,sea_water_temperature,WaterQuality,1,C,37.2007433333333,-76.2660266666667,0.0
YS,2019-07-01 01:00:00+00:00,28.32,sea_water_temperature,WaterQuality,1,C,37.2007333333333,-76.2660833333333,0.0
YS,2019-07-01 00:00:00+00:00,28.41,sea_water_temperature,WaterQuality,1,C,37.2007183333333,-76.2661016666667,0.0
YS,2019-06-30 23:00:00+00:00,28.0,sea_water_temperature,WaterQuality,1,C,37.2007033333333,-76.2661333333333,0.0
YS,2019-06-30 22:00:00+00:00,28.08,sea_water_temperature,WaterQuality,1,C,37.2006116666667,-76.266095,0.0
YS,2019-06-30 21:00:00+00:00,28.94,sea_water_temperature,WaterQuality,1,C,37.2005883333333,-76.2661066666667,0.0
YS,2019-06-30 20:00:00+00:00,28.7,sea_water_temperature,WaterQuality,1,C,37.200595,-76.2661216666667,0.0
YS,2019-06-30 19:00:00+00:00,28.44,sea_water_temperature,WaterQuality,1,C,37.2005733333333,-76.2660733333333,0.0
YS,2019-06-30 18:00:00+00:00,28.53,sea_water_temperature,WaterQuality,1,C,37.2005583333333,-76.266015,0.0
YS,2019-06-30 17:00:00+00:00,28.08,sea_water_temperature,WaterQuality,1,C,37.2006,-76.2659683333333,0.0
YS,2019-06-30 16:00:00+00:00,27.28,sea_water_temperature,WaterQuality,1,C,37.20059,-76.26598,0.0
YS,2019-06-30 15:00:00+00:00,26.97,sea_water_temperature,WaterQuality,1,C,37.20059,-76.2659683333333,0.0
YS,2019-06-30 14:00:00+00:00,26.65,sea_water_temperature,WaterQuality,1,C,37.2006383333333,-76.2659716666667,0.0
YS,2019-06-30 13:00:00+00:00,26.59,sea_water_temperature,WaterQuality,1,C,37.200655,-76.265975,0.0
YS,2019-06-30 12:00:00+00:00,26.61,sea_water_temperature,WaterQuality,1,C,37.20065,-76.26604,0.0
YS,2019-06-30 11:00:00+00:00,26.86,sea_water_temperature,WaterQuality,1,C,37.200665,-76.2660533333333,0.0
YS,2019-06-30 10:00:00+00:00,26.58,sea_water_temperature,WaterQuality,1,C,37.2006033333333,-76.2660366666667,0.0
YS,2019-06-30 09:00:00+00:00,27.09,sea_water_temperature,WaterQuality,1,C,37.2006233333333,-76.2659783333333,0.0
YS,2019-06-30 08:00:00+00:00,27.79,sea_water_temperature,WaterQuality,1,C,37.2006,-76.2659783333333,0.0
YS,2019-06-30 07:00:00+00:00,28.44,sea_water_temperature,WaterQuality,1,C,37.2005916666667,-76.266015,0.0
YS,2019-06-30 06:00:00+00:00,28.57,sea_water_temperature,WaterQuality,1,C,37.200565,-76.265985,0.0
YS,2019-06-30 05:00:00+00:00,28.44,sea_water_temperature,WaterQuality,1,C,37.2005666666667,-76.2659583333333,0.0
YS,2019-06-30 04:00:00+00:00,28.57,sea_water_temperature,WaterQuality,4,C,37.2006083333333,-76.2659366666667,0.0
YS,2019-06-30 03:00:00+00:00,28.6,sea_water_temperature,WaterQuality,1,C,37.2006766666667,-76.2659783333333,0.0
YS,2019-06-30 02:00:00+00:00,28.99,sea_water_temperature,WaterQuality,1,C,37.2006866666667,-76.266005,0.0
YS,2019-06-30 01:00:00+00:00,29.37,sea_water_temperature,WaterQuality,4,C,37.20069,-76.2660383333333,0.0
YS,2019-06-30 00:00:00+00:00,29.88,sea_water_temperature,WaterQuality,1,C,37.2006983333333,-76.266075,0.0
YS,2019-06-29 23:00:00+00:00,30.49,sea_water_temperature,WaterQuality,1,C,37.200665,-76.26609,0.0
YS,2019-06-29 22:00:00+00:00,30.15,sea_water_temperature,WaterQuality,1,C,37.2006683333333,-76.2661016666667,0.0
YS,2019-06-29 21:00:00+00:00,30.26,sea_water_temperature,WaterQuality,1,C,37.200645,-76.2661116666667,0.0
YS,2019-06-29 20:00:00+00:00,29.97,sea_water_temperature,WaterQuality,1,C,37.20062,-76.2661233333333,0.0
YS,2019-06-29 19:00:00+00:00,29.74,sea_water_temperature,WaterQuality,1,C,37.200595,-76.2660866666667,0.0
YS,2019-06-29 18:00:00+00:00,28.59,sea_water_temperature,WaterQuality,1,C,37.200565,-76.2660183333333,0.0
YS,2019-06-29 17:00:00+00:00,27.49,sea_water_temperature,WaterQuality,1,C,37.2005933333333,-76.2659866666667,0.0
YS,2019-06-29 16:00:00+00:00,27.61,sea_water_temperature,WaterQuality,1,C,37.2005866666667,-76.2659716666667,0.0
YS,2019-06-29 15:00:00+00:00,27.68,sea_water_temperature,WaterQuality,1,C,37.2006116666667,-76.2659633333333,0.0
YS,2019-06-29 14:00:00+00:00,27.3,sea_water_temperature,WaterQuality,1,C,37.2006583333333,-76.2659633333333,0.0
YS,2019-06-29 13:00:00+00:00,27.21,sea_water_temperature,WaterQuality,1,C,37.2006833333333,-76.2659716666667,0.0
YS,2019-06-29 12:00:00+00:00,27.03,sea_water_temperature,WaterQuality,1,C,37.200715,-76.26603,0.0
YS,2019-06-29 11:00:00+00:00,27.08,sea_water_temperature,WaterQuality,1,C,37.200725,-76.2660566666667,0.0
YS,2019-06-29 10:00:00+00:00,27.11,sea_water_temperature,WaterQuality,1,C,37.200695,-76.266045,0.0
YS,2019-06-29 09:00:00+00:00,27.25,sea_water_temperature,WaterQuality,1,C,37.2006783333333,-76.2660483333333,0.0
YS,2019-06-29 08:00:00+00:00,27.28,sea_water_temperature,WaterQuality,1,C,37.2006016666667,-76.2660466666667,0.0
YS,2019-06-29 07:00:00+00:00,27.43,sea_water_temperature,WaterQuality,1,C,37.2006016666667,-76.2660316666667,0.0
YS,2019-06-29 06:00:00+00:00,27.54,sea_water_temperature,WaterQuality,1,C,37.2005766666667,-76.2660133333333,0.0
YS,2019-06-29 05:00:00+00:00,27.32,sea_water_temperature,WaterQuality,1,C,37.2005833333333,-76.2659933333333,0.0
YS,2019-06-29 04:00:00+00:00,27.88,sea_water_temperature,WaterQuality,1,C,37.20058,-76.2659633333333,0.0
YS,2019-06-29 03:00:00+00:00,27.39,sea_water_temperature,WaterQuality,1,C,37.200705,-76.26597,0.0
YS,2019-06-29 02:00:00+00:00,27.35,sea_water_temperature,WaterQuality,1,C,37.200725,-76.2659816666667,0.0
YS,2019-06-29 01:00:00+00:00,27.37,sea_water_temperature,WaterQuality,1,C,37.200725,-76.26602,0.0
YS,2019-06-29 00:00:00+00:00,27.41,sea_water_temperature,WaterQuality,1,C,37.2007383333333,-76.2660466666667,0.0
YS,2019-06-28 23:00:00+00:00,27.83,sea_water_temperature,WaterQuality,1,C,37.20073,-76.266075,0.0
YS,2019-06-28 22:00:00+00:00,28.17,sea_water_temperature,WaterQuality,1,C,37.200715,-76.2661033333333,0.0
YS,2019-06-28 21:00:00+00:00,29.2,sea_water_temperature,WaterQuality,4,C,37.2006833333333,-76.2661283333333,0.0
YS,2019-06-28 20:00:00+00:00,29.61,sea_water_temperature,WaterQuality,1,C,37.2006683333333,-76.2661616666667,0.0
YS,2019-06-28 19:00:00+00:00,29.68,sea_water_temperature,WaterQuality,4,C,37.2006116666667,-76.2660783333333,0.0
YS,2019-06-28 18:00:00+00:00,29.96,sea_water_temperature,WaterQuality,4,C,37.2006166666667,-76.2660433333333,0.0
YS,2019-06-28 17:00:00+00:00,29.31,sea_water_temperature,WaterQuality,1,C,37.2006183333333,-76.26604,0.0
YS,2019-06-28 16:00:00+00:00,28.89,sea_water_temperature,WaterQuality,1,C,37.2005966666667,-76.2660316666667,0.0
YS,2019-06-28 15:00:00+00:00,28.08,sea_water_temperature,WaterQuality,1,C,37.2005883333333,-76.266035,0.0
YS,2019-06-28 14:00:00+00:00,27.15,sea_water_temperature,WaterQuality,1,C,37.200605,-76.2660133333333,0.0
YS,2019-06-28 13:00:00+00:00,26.74,sea_water_temperature,WaterQuality,1,C,37.2006516666667,-76.2660133333333,0.0
YS,2019-06-28 12:00:00+00:00,26.56,sea_water_temperature,WaterQuality,1,C,37.2006866666667,-76.2660733333333,0.0
YS,2019-06-28 11:00:00+00:00,26.59,sea_water_temperature,WaterQuality,1,C,37.2007,-76.26606,0.0
YS,2019-06-28 10:00:00+00:00,26.69,sea_water_temperature,WaterQuality,1,C,37.200685,-76.2660616666667,0.0
YS,2019-06-28 09:00:00+00:00,26.87,sea_water_temperature,WaterQuality,1,C,37.2007083333333,-76.2660666666667,0.0
YS,2019-06-28 08:00:00+00:00,27.05,sea_water_temperature,WaterQuality,1,C,37.20068,-76.266055,0.0
YS,2019-06-28 07:00:00+00:00,27.0,sea_water_temperature,WaterQuality,1,C,37.2006683333333,-76.2660483333333,0.0
YS,2019-06-28 06:00:00+00:00,26.88,sea_water_temperature,WaterQuality,1,C,37.2006333333333,-76.26602,0.0
YS,2019-06-28 05:00:00+00:00,26.64,sea_water_temperature,WaterQuality,1,C,37.2006016666667,-76.266015,0.0
YS,2019-06-28 04:00:00+00:00,27.65,sea_water_temperature,WaterQuality,1,C,37.20059,-76.2659766666667,0.0
YS,2019-06-28 03:00:00+00:00,27.59,sea_water_temperature,WaterQuality,1,C,37.200655,-76.2659716666667,0.0
YS,2019-06-28 02:00:00+00:00,27.18,sea_water_temperature,WaterQuality,1,C,37.2006683333333,-76.2659816666667,0.0
YS,2019-06-28 01:00:00+00:00,27.46,sea_water_temperature,WaterQuality,1,C,37.2006883333333,-76.2660233333333,0.0
YS,2019-06-28 00:00:00+00:00,28.45,sea_water_temperature,WaterQuality,4,C,37.2007016666667,-76.26605,0.0
YS,2019-06-27 23:00:00+00:00,29.01,sea_water_temperature,WaterQuality,4,C,37.2006866666667,-76.2660883333333,0.0
YS,2019-06-27 22:00:00+00:00,30.3,sea_water_temperature,WaterQuality,1,C,37.2006916666667,-76.26611,0.0
YS,2019-06-27 21:00:00+00:00,30.42,sea_water_temperature,WaterQuality,1,C,37.200665,-76.2661166666667,0.0
YS,2019-06-27 20:00:00+00:00,29.35,sea_water_temperature,WaterQuality,2,C,37.2006433333333,-76.2661416666667,0.0
YS,2019-06-27 19:00:00+00:00,28.87,sea_water_temperature,WaterQuality,1,C,37.200595,-76.266145,0.0
YS,2019-06-27 18:00:00+00:00,28.61,sea_water_temperature,WaterQuality,3,C,37.2005733333333,-76.2661266666667,0.0
YS,2019-06-27 17:00:00+00:00,27.46,sea_water_temperature,WaterQuality,1,C,37.2005766666667,-76.266115,0.0
YS,2019-06-27 16:00:00+00:00,27.26,sea_water_temperature,WaterQuality,1,C,37.2005433333333,-76.2660633333333,0.0
YS,2019-06-27 15:00:00+00:00,26.85,sea_water_temperature,WaterQuality,1,C,37.2005433333333,-76.2660316666667,0.0
YS,2019-06-27 14:00:00+00:00,26.54,sea_water_temperature,WaterQuality,1,C,37.2005416666667,-76.2659816666667,0.0
YS,2019-06-27 13:00:00+00:00,26.37,sea_water_temperature,WaterQuality,1,C,37.200575,-76.2659866666667,0.0
YS,2019-06-27 12:00:00+00:00,26.2,sea_water_temperature,WaterQuality,1,C,37.20063,-76.2660316666667,0.0
YS,2019-06-27 11:00:00+00:00,26.29,sea_water_temperature,WaterQuality,1,C,37.200665,-76.266035,0.0
YS,2019-06-27 10:00:00+00:00,26.34,sea_water_temperature,WaterQuality,1,C,37.2006716666667,-76.2660383333333,0.0
YS,2019-06-27 09:00:00+00:00,26.42,sea_water_temperature,WaterQuality,1,C,37.2006783333333,-76.2660566666667,0.0
YS,2019-06-27 08:00:00+00:00,26.54,sea_water_temperature,WaterQuality,1,C,37.2006733333333,-76.2660616666667,0.0
YS,2019-06-27 07:00:00+00:00,26.61,sea_water_temperature,WaterQuality,1,C,37.2006833333333,-76.2660516666667,0.0
YS,2019-06-27 06:00:00+00:00,26.55,sea_water_temperature,WaterQuality,1,C,37.2006533333333,-76.26603,0.0
YS,2019-06-27 05:00:00+00:00,26.56,sea_water_temperature,WaterQuality,1,C,37.200615,-76.2660216666667,0.0
YS,2019-06-27 04:00:00+00:00,26.9,sea_water_temperature,WaterQuality,4,C,37.2005983333333,-76.2659816666667,0.0
YS,2019-06-27 03:00:00+00:00,27.11,sea_water_temperature,WaterQuality,2,C,37.2006166666667,-76.265975,0.0
YS,2019-06-27 02:00:00+00:00,26.92,sea_water_temperature,WaterQuality,1,C,37.2006483333333,-76.2659816666667,0.0
YS,2019-06-27 01:00:00+00:00,26.58,sea_water_temperature,WaterQuality,1,C,37.200635,-76.2660133333333,0.0
YS,2019-06-27 00:00:00+00:00,26.54,sea_water_temperature,WaterQuality,1,C,37.2006583333333,-76.26604,0.0
YS,2019-06-26 23:00:00+00:00,26.69,sea_water_temperature,WaterQuality,1,C,37.2006616666667,-76.26604,0.0
YS,2019-06-26 22:00:00+00:00,26.9,sea_water_temperature,WaterQuality,4,C,37.2006683333333,-76.2660816666667,0.0
YS,2019-06-26 21:00:00+00:00,27.36,sea_water_temperature,WaterQuality,1,C,37.2006733333333,-76.2660983333333,0.0
YS,2019-06-26 20:00:00+00:00,27.58,sea_water_temperature,WaterQuality,4,C,37.2006666666667,-76.2661466666667,0.0
YS,2019-06-26 19:00:00+00:00,26.78,sea_water_temperature,WaterQuality,1,C,37.200625,-76.26613,0.0
YS,2019-06-26 18:00:00+00:00,26.63,sea_water_temperature,WaterQuality,1,C,37.2006116666667,-76.266145,0.0
YS,2019-06-26 17:00:00+00:00,26.26,sea_water_temperature,WaterQuality,1,C,37.20059,-76.2661233333333,0.0
YS,2019-06-26 16:00:00+00:00,25.98,sea_water_temperature,WaterQuality,1,C,37.2005433333333,-76.26609,0.0
YS,2019-06-26 15:00:00+00:00,25.8,sea_water_temperature,WaterQuality,1,C,37.20052,-76.2660583333333,0.0
YS,2019-06-26 14:00:00+00:00,25.87,sea_water_temperature,WaterQuality,1,C,37.2005116666667,-76.2660283333333,0.0
YS,2019-06-26 13:00:00+00:00,25.98,sea_water_temperature,WaterQuality,1,C,37.2005183333333,-76.2660066666667,0.0
YS,2019-06-26 12:00:00+00:00,25.93,sea_water_temperature,WaterQuality,1,C,37.2005616666667,-76.26603,0.0
YS,2019-06-26 11:00:00+00:00,25.75,sea_water_temperature,WaterQuality,1,C,37.2005583333333,-76.2660266666667,0.0
YS,2019-06-26 10:00:00+00:00,25.85,sea_water_temperature,WaterQuality,1,C,37.2006066666667,-76.2660483333333,0.0
YS,2019-06-26 09:00:00+00:00,25.84,sea_water_temperature,WaterQuality,1,C,37.20064,-76.2660716666667,0.0
YS,2019-06-26 08:00:00+00:00,26.04,sea_water_temperature,WaterQuality,1,C,37.20064,-76.26608,0.0
YS,2019-06-26 07:00:00+00:00,26.15,sea_water_temperature,WaterQuality,1,C,37.200645,-76.2660916666667,0.0
YS,2019-06-26 06:00:00+00:00,26.29,sea_water_temperature,WaterQuality,1,C,37.2006016666667,-76.2660916666667,0.0
YS,2019-06-26 05:00:00+00:00,26.43,sea_water_temperature,WaterQuality,1,C,37.2006,-76.2660616666667,0.0
YS,2019-06-26 04:00:00+00:00,26.65,sea_water_temperature,WaterQuality,1,C,37.2005466666667,-76.26601,0.0
YS,2019-06-26 03:00:00+00:00,26.17,sea_water_temperature,WaterQuality,2,C,37.2005616666667,-76.2659833333333,0.0
YS,2019-06-26 02:00:00+00:00,26.2,sea_water_temperature,WaterQuality,1,C,37.20056,-76.2659766666667,0.0
YS,2019-06-26 01:00:00+00:00,26.66,sea_water_temperature,WaterQuality,1,C,37.2005783333333,-76.2660366666667,0.0
YS,2019-06-26 00:00:00+00:00,26.62,sea_water_temperature,WaterQuality,2,C,37.200595,-76.2660483333333,0.0
YS,2019-06-25 23:00:00+00:00,26.74,sea_water_temperature,WaterQuality,1,C,37.20058,-76.2660816666667,0.0
YS,2019-06-25 22:00:00+00:00,26.84,sea_water_temperature,WaterQuality,4,C,37.20062,-76.2661116666667,0.0
YS,2019-06-25 21:00:00+00:00,27.18,sea_water_temperature,WaterQuality,1,C,37.200625,-76.266115,0.0
YS,2019-06-25 20:00:00+00:00,26.68,sea_water_temperature,WaterQuality,1,C,37.2006266666667,-76.2661383333333,0.0
YS,2019-06-25 19:00:00+00:00,26.43,sea_water_temperature,WaterQuality,1,C,37.2006083333333,-76.2661466666667,0.0
YS,2019-06-25 18:00:00+00:00,26.13,sea_water_temperature,WaterQuality,1,C,37.20059,-76.26615,0.0
YS,2019-06-25 17:00:00+00:00,26.18,sea_water_temperature,WaterQuality,1,C,37.2005666666667,-76.2661233333333,0.0
YS,2019-06-25 16:00:00+00:00,25.58,sea_water_temperature,WaterQuality,1,C,37.200535,-76.266075,0.0
YS,2019-06-25 15:00:00+00:00,25.59,sea_water_temperature,WaterQuality,1,C,37.2005266666667,-76.2660416666667,0.0
YS,2019-06-25 14:00:00+00:00,25.77,sea_water_temperature,WaterQuality,1,C,37.20055,-76.2660083333333,0.0
YS,2019-06-25 13:00:00+00:00,25.03,sea_water_temperature,WaterQuality,1,C,37.2005533333333,-76.2660066666667,0.0
YS,2019-06-25 12:00:00+00:00,24.76,sea_water_temperature,WaterQuality,1,C,37.2006283333333,-76.266,0.0
YS,2019-06-25 11:00:00+00:00,24.74,sea_water_temperature,WaterQuality,1,C,37.2006466666667,-76.2659933333333,0.0
YS,2019-06-25 10:00:00+00:00,24.94,sea_water_temperature,WaterQuality,1,C,37.2006866666667,-76.2660166666667,0.0
YS,2019-06-25 09:00:00+00:00,25.2,sea_water_temperature,WaterQuality,1,C,37.200705,-76.266045,0.0
YS,2019-06-25 08:00:00+00:00,25.39,sea_water_temperature,WaterQuality,1,C,37.2007083333333,-76.2660516666667,0.0
YS,2019-06-25 07:00:00+00:00,25.49,sea_water_temperature,WaterQuality,1,C,37.2007183333333,-76.2660683333333,0.0
YS,2019-06-25 06:00:00+00:00,25.56,sea_water_temperature,WaterQuality,1,C,37.2006833333333,-76.2660833333333,0.0
YS,2019-06-25 05:00:00+00:00,25.61,sea_water_temperature,WaterQuality,1,C,37.20067,-76.266075,0.0
YS,2019-06-25 04:00:00+00:00,25.76,sea_water_temperature,WaterQuality,1,C,37.2006083333333,-76.26601,0.0
YS,2019-06-25 03:00:00+00:00,25.78,sea_water_temperature,WaterQuality,1,C,37.2005966666667,-76.26601,0.0
YS,2019-06-25 02:00:00+00:00,25.58,sea_water_temperature,WaterQuality,1,C,37.2005883333333,-76.265995,0.0
YS,2019-06-25 01:00:00+00:00,25.81,sea_water_temperature,WaterQuality,1,C,37.2005866666667,-76.2659866666667,0.0
YS,2019-06-25 00:00:00+00:00,26.02,sea_water_temperature,WaterQuality,1,C,37.20063,-76.266,0.0
YS,2019-06-24 23:00:00+00:00,25.88,sea_water_temperature,WaterQuality,1,C,37.2006583333333,-76.2660133333333,0.0
YS,2019-06-24 22:00:00+00:00,25.44,sea_water_temperature,WaterQuality,1,C,37.200685,-76.2660566666667,0.0
YS,2019-06-24 21:00:00+00:00,25.56,sea_water_temperature,WaterQuality,1,C,37.200695,-76.2660616666667,0.0
YS,2019-06-24 20:00:00+00:00,25.8,sea_water_temperature,WaterQuality,1,C,37.2007016666667,-76.2661083333333,0.0
YS,2019-06-24 19:00:00+00:00,25.66,sea_water_temperature,WaterQuality,1,C,37.200695,-76.266105,0.0
YS,2019-06-24 18:00:00+00:00,25.73,sea_water_temperature,WaterQuality,1,C,37.200685,-76.266125,0.0
YS,2019-06-24 17:00:00+00:00,25.45,sea_water_temperature,WaterQuality,1,C,37.2006616666667,-76.2661133333333,0.0
YS,2019-06-24 16:00:00+00:00,25.59,sea_water_temperature,WaterQuality,1,C,37.2006033333333,-76.266085,0.0
YS,2019-06-24 15:00:00+00:00,24.96,sea_water_temperature,WaterQuality,1,C,37.2005783333333,-76.2660433333333,0.0
YS,2019-06-24 14:00:00+00:00,24.74,sea_water_temperature,WaterQuality,1,C,37.2005733333333,-76.2660166666667,0.0
YS,2019-06-24 13:00:00+00:00,24.8,sea_water_temperature,WaterQuality,1,C,37.2006066666667,-76.266015,0.0
YS,2019-06-24 12:00:00+00:00,24.71,sea_water_temperature,WaterQuality,1,C,37.2006283333333,-76.26602,0.0
YS,2019-06-24 11:00:00+00:00,24.78,sea_water_temperature,WaterQuality,1,C,37.2006583333333,-76.2660033333333,0.0
YS,2019-06-24 10:00:00+00:00,24.85,sea_water_temperature,WaterQuality,1,C,37.2006833333333,-76.2660183333333,0.0
YS,2019-06-24 09:00:00+00:00,24.76,sea_water_temperature,WaterQuality,1,C,37.2007083333333,-76.266055,0.0
YS,2019-06-24 08:00:00+00:00,24.75,sea_water_temperature,WaterQuality,1,C,37.2007116666667,-76.2660566666667,0.0
YS,2019-06-24 07:00:00+00:00,24.93,sea_water_temperature,WaterQuality,1,C,37.2007183333333,-76.2660716666667,0.0
YS,2019-06-24 06:00:00+00:00,24.93,sea_water_temperature,WaterQuality,1,C,37.2006883333333,-76.2660783333333,0.0
YS,2019-06-24 05:00:00+00:00,25.14,sea_water_temperature,WaterQuality,1,C,37.2006883333333,-76.2660866666667,0.0
YS,2019-06-24 04:00:00+00:00,25.22,sea_water_temperature,WaterQuality,1,C,37.20065,-76.2660716666667,0.0
YS,2019-06-24 03:00:00+00:00,25.2,sea_water_temperature,WaterQuality,1,C,37.2006733333333,-76.2660783333333,0.0
YS,2019-06-24 02:00:00+00:00,25.25,sea_water_temperature,WaterQuality,1,C,37.200615,-76.2660583333333,0.0
YS,2019-06-24 01:00:00+00:00,25.55,sea_water_temperature,WaterQuality,1,C,37.2005983333333,-76.2660266666667,0.0
YS,2019-06-24 00:00:00+00:00,25.63,sea_water_temperature,WaterQuality,1,C,37.200615,-76.2660316666667,0.0
YS,2019-06-23 23:00:00+00:00,26.22,sea_water_temperature,WaterQuality,1,C,37.200635,-76.2660583333333,0.0
YS,2019-06-23 22:00:00+00:00,27.01,sea_water_temperature,WaterQuality,1,C,37.20065,-76.2660583333333,0.0
YS,2019-06-23 21:00:00+00:00,26.92,sea_water_temperature,WaterQuality,1,C,37.2006583333333,-76.2660716666667,0.0
YS,2019-06-23 20:00:00+00:00,26.47,sea_water_temperature,WaterQuality,1,C,37.2006616666667,-76.2660883333333,0.0
YS,2019-06-23 19:00:00+00:00,26.92,sea_water_temperature,WaterQuality,1,C,37.2006533333333,-76.266105,0.0
YS,2019-06-23 18:00:00+00:00,26.67,sea_water_temperature,WaterQuality,1,C,37.2006716666667,-76.2661133333333,0.0
YS,2019-06-23 17:00:00+00:00,26.07,sea_water_temperature,WaterQuality,1,C,37.2006566666667,-76.2661433333333,0.0
YS,2019-06-23 16:00:00+00:00,25.48,sea_water_temperature,WaterQuality,1,C,37.2005933333333,-76.266135,0.0
YS,2019-06-23 15:00:00+00:00,25.25,sea_water_temperature,WaterQuality,3,C,37.200555,-76.2661066666667,0.0
YS,2019-06-23 14:00:00+00:00,24.35,sea_water_temperature,WaterQuality,1,C,37.2005233333333,-76.2660233333333,0.0
YS,2019-06-23 13:00:00+00:00,24.42,sea_water_temperature,WaterQuality,1,C,37.20052,-76.2660033333333,0.0
YS,2019-06-23 12:00:00+00:00,24.32,sea_water_temperature,WaterQuality,1,C,37.2005416666667,-76.266005,0.0
YS,2019-06-23 11:00:00+00:00,24.45,sea_water_temperature,WaterQuality,1,C,37.2005983333333,-76.2660116666667,0.0
YS,2019-06-23 10:00:00+00:00,24.46,sea_water_temperature,WaterQuality,1,C,37.2006333333333,-76.2660083333333,0.0
YS,2019-06-23 09:00:00+00:00,24.51,sea_water_temperature,WaterQuality,1,C,37.2006566666667,-76.2660216666667,0.0
YS,2019-06-23 08:00:00+00:00,24.63,sea_water_temperature,WaterQuality,1,C,37.2006866666667,-76.266045,0.0
YS,2019-06-23 07:00:00+00:00,24.74,sea_water_temperature,WaterQuality,4,C,37.2007,-76.266065,0.0
YS,2019-06-23 06:00:00+00:00,24.83,sea_water_temperature,WaterQuality,1,C,37.20068,-76.2661,0.0
YS,2019-06-23 04:00:00+00:00,24.82,sea_water_temperature,WaterQuality,4,C,37.2006466666667,-76.2661016666667,0.0
YS,2019-06-23 03:00:00+00:00,24.7,sea_water_temperature,WaterQuality,1,C,37.2006416666667,-76.2660816666667,0.0
YS,2019-06-23 02:00:00+00:00,24.84,sea_water_temperature,WaterQuality,1,C,37.2005933333333,-76.2660666666667,0.0
YS,2019-06-23 01:00:00+00:00,24.93,sea_water_temperature,WaterQuality,1,C,37.200565,-76.2660366666667,0.0
YS,2019-06-23 00:00:00+00:00,25.1,sea_water_temperature,WaterQuality,1,C,37.200555,-76.2660366666667,0.0
YS,2019-06-22 23:00:00+00:00,24.88,sea_water_temperature,WaterQuality,1,C,37.20055,-76.266025,0.0
YS,2019-06-22 22:00:00+00:00,25.14,sea_water_temperature,WaterQuality,1,C,37.2005966666667,-76.26606,0.0
YS,2019-06-22 21:00:00+00:00,25.06,sea_water_temperature,WaterQuality,1,C,37.2006266666667,-76.266085,0.0
YS,2019-06-22 20:00:00+00:00,24.81,sea_water_temperature,WaterQuality,1,C,37.200665,-76.2661,0.0
YS,2019-06-22 19:00:00+00:00,24.66,sea_water_temperature,WaterQuality,1,C,37.2006683333333,-76.2660966666667,0.0
YS,2019-06-22 18:00:00+00:00,24.79,sea_water_temperature,WaterQuality,1,C,37.2006866666667,-76.2661166666667,0.0
YS,2019-06-22 17:00:00+00:00,24.45,sea_water_temperature,WaterQuality,1,C,37.2006883333333,-76.2661283333333,0.0
YS,2019-06-22 16:00:00+00:00,24.22,sea_water_temperature,WaterQuality,1,C,37.2006516666667,-76.2661166666667,0.0
YS,2019-06-22 15:00:00+00:00,24.04,sea_water_temperature,WaterQuality,1,C,37.2006216666667,-76.2661183333333,0.0
YS,2019-06-22 14:00:00+00:00,24.04,sea_water_temperature,WaterQuality,1,C,37.2005383333333,-76.2660583333333,0.0
YS,2019-06-22 13:00:00+00:00,24.12,sea_water_temperature,WaterQuality,1,C,37.20053,-76.26606,0.0
YS,2019-06-22 12:00:00+00:00,24.11,sea_water_temperature,WaterQuality,1,C,37.2005333333333,-76.2660316666667,0.0
YS,2019-06-22 11:00:00+00:00,24.15,sea_water_temperature,WaterQuality,1,C,37.2005716666667,-76.2660066666667,0.0
YS,2019-06-22 10:00:00+00:00,24.15,sea_water_temperature,WaterQuality,1,C,37.2006083333333,-76.266005,0.0
YS,2019-06-22 09:00:00+00:00,24.16,sea_water_temperature,WaterQuality,1,C,37.2006416666667,-76.2660366666667,0.0
YS,2019-06-22 08:00:00+00:00,24.3,sea_water_temperature,WaterQuality,1,C,37.200735,-76.2660666666667,0.0
YS,2019-06-22 07:00:00+00:00,24.43,sea_water_temperature,WaterQuality,1,C,37.200755,-76.2660816666667,0.0
YS,2019-06-22 06:00:00+00:00,24.52,sea_water_temperature,WaterQuality,1,C,37.2007333333333,-76.2661033333333,0.0
YS,2019-06-22 05:00:00+00:00,24.56,sea_water_temperature,WaterQuality,1,C,37.2007416666667,-76.2661116666667,0.0
YS,2019-06-22 04:00:00+00:00,24.49,sea_water_temperature,WaterQuality,1,C,37.200705,-76.2661266666667,0.0
YS,2019-06-22 03:00:00+00:00,24.51,sea_water_temperature,WaterQuality,1,C,37.2006766666667,-76.2661383333333,0.0
YS,2019-06-22 02:00:00+00:00,24.39,sea_water_temperature,WaterQuality,1,C,37.2005983333333,-76.2661333333333,0.0
YS,2019-06-22 01:00:00+00:00,24.37,sea_water_temperature,WaterQuality,1,C,37.200515,-76.2660533333333,0.0
YS,2019-06-22 00:00:00+00:00,24.57,sea_water_temperature,WaterQuality,1,C,37.2005116666667,-76.2660216666667,0.0
YS,2019-06-21 23:00:00+00:00,24.43,sea_water_temperature,WaterQuality,1,C,37.2004916666667,-76.2660016666667,0.0
YS,2019-06-21 22:00:00+00:00,24.09,sea_water_temperature,WaterQuality,1,C,37.20049,-76.265985,0.0
YS,2019-06-21 21:00:00+00:00,24.17,sea_water_temperature,WaterQuality,1,C,37.200505,-76.2659916666667,0.0
YS,2019-06-21 20:00:00+00:00,24.27,sea_water_temperature,WaterQuality,1,C,37.200515,-76.2659966666667,0.0
YS,2019-06-21 19:00:00+00:00,23.96,sea_water_temperature,WaterQuality,1,C,37.200535,-76.2659483333333,0.0
YS,2019-06-21 18:00:00+00:00,23.88,sea_water_temperature,WaterQuality,1,C,37.20056,-76.266025,0.0
YS,2019-06-21 17:00:00+00:00,23.9,sea_water_temperature,WaterQuality,1,C,37.2005816666667,-76.2661183333333,0.0
YS,2019-06-21 16:00:00+00:00,23.93,sea_water_temperature,WaterQuality,1,C,37.20056,-76.2661116666667,0.0
YS,2019-06-21 15:00:00+00:00,24.03,sea_water_temperature,WaterQuality,1,C,37.200555,-76.2660966666667,0.0
YS,2019-06-21 14:00:00+00:00,23.97,sea_water_temperature,WaterQuality,1,C,37.20051,-76.265995,0.0
YS,2019-06-21 13:00:00+00:00,24.07,sea_water_temperature,WaterQuality,1,C,37.2005,-76.2659983333333,0.0
YS,2019-06-21 12:00:00+00:00,24.26,sea_water_temperature,WaterQuality,1,C,37.2005233333333,-76.2659933333333,0.0
YS,2019-06-21 11:00:00+00:00,24.39,sea_water_temperature,WaterQuality,1,C,37.2005483333333,-76.2659283333333,0.0
YS,2019-06-21 10:00:00+00:00,24.31,sea_water_temperature,WaterQuality,1,C,37.2005566666667,-76.26594,0.0
YS,2019-06-21 09:00:00+00:00,24.44,sea_water_temperature,WaterQuality,1,C,37.2006133333333,-76.26592,0.0
YS,2019-06-21 08:00:00+00:00,24.56,sea_water_temperature,WaterQuality,1,C,37.2007016666667,-76.2659383333333,0.0
YS,2019-06-21 07:00:00+00:00,24.6,sea_water_temperature,WaterQuality,1,C,37.2007016666667,-76.2659516666667,0.0
YS,2019-06-21 06:00:00+00:00,24.63,sea_water_temperature,WaterQuality,1,C,37.2007283333333,-76.2660033333333,0.0
YS,2019-06-21 05:00:00+00:00,24.72,sea_water_temperature,WaterQuality,1,C,37.2007483333333,-76.26603,0.0
YS,2019-06-21 04:00:00+00:00,24.95,sea_water_temperature,WaterQuality,1,C,37.2007216666667,-76.26605,0.0
YS,2019-06-21 03:00:00+00:00,25.22,sea_water_temperature,WaterQuality,1,C,37.20074,-76.2660166666667,0.0
YS,2019-06-21 02:00:00+00:00,25.33,sea_water_temperature,WaterQuality,1,C,37.20072,-76.2660166666667,0.0
YS,2019-06-21 01:00:00+00:00,25.51,sea_water_temperature,WaterQuality,1,C,37.20062,-76.2659716666667,0.0
YS,2019-06-21 00:00:00+00:00,25.34,sea_water_temperature,WaterQuality,1,C,37.200575,-76.265955,0.0
YS,2019-06-20 23:00:00+00:00,25.5,sea_water_temperature,WaterQuality,1,C,37.200565,-76.2659416666667,0.0
YS,2019-06-20 22:00:00+00:00,25.43,sea_water_temperature,WaterQuality,1,C,37.20054,-76.2659666666667,0.0
YS,2019-06-20 21:00:00+00:00,25.51,sea_water_temperature,WaterQuality,1,C,37.2005766666667,-76.2659416666667,0.0
YS,2019-06-20 20:00:00+00:00,25.55,sea_water_temperature,WaterQuality,1,C,37.2006166666667,-76.2659216666667,0.0
YS,2019-06-20 19:00:00+00:00,25.46,sea_water_temperature,WaterQuality,1,C,37.2006516666667,-76.2659183333333,0.0
YS,2019-06-20 18:00:00+00:00,25.21,sea_water_temperature,WaterQuality,1,C,37.2007166666667,-76.26594,0.0
YS,2019-06-20 17:00:00+00:00,25.02,sea_water_temperature,WaterQuality,1,C,37.200695,-76.2660233333333,0.0
YS,2019-06-20 16:00:00+00:00,24.97,sea_water_temperature,WaterQuality,1,C,37.2006816666667,-76.2660533333333,0.0
YS,2019-06-20 15:00:00+00:00,24.95,sea_water_temperature,WaterQuality,1,C,37.2006833333333,-76.2660866666667,0.0
YS,2019-06-20 14:00:00+00:00,24.78,sea_water_temperature,WaterQuality,1,C,37.20065,-76.2660783333333,0.0
YS,2019-06-20 13:00:00+00:00,24.6,sea_water_temperature,WaterQuality,1,C,37.2006216666667,-76.2660483333333,0.0
YS,2019-06-20 12:00:00+00:00,24.49,sea_water_temperature,WaterQuality,1,C,37.20061,-76.2659666666667,0.0
YS,2019-06-20 11:00:00+00:00,24.17,sea_water_temperature,WaterQuality,1,C,37.20057,-76.2659683333333,0.0
YS,2019-06-20 10:00:00+00:00,24.23,sea_water_temperature,WaterQuality,1,C,37.200595,-76.2659433333333,0.0
YS,2019-06-20 09:00:00+00:00,24.47,sea_water_temperature,WaterQuality,1,C,37.200615,-76.2659316666667,0.0
YS,2019-06-20 08:00:00+00:00,24.41,sea_water_temperature,WaterQuality,1,C,37.200695,-76.2659633333333,0.0
YS,2019-06-20 07:00:00+00:00,24.66,sea_water_temperature,WaterQuality,1,C,37.2007433333333,-76.266015,0.0
YS,2019-06-20 06:00:00+00:00,24.64,sea_water_temperature,WaterQuality,1,C,37.20074,-76.2660566666667,0.0
YS,2019-06-20 05:00:00+00:00,24.58,sea_water_temperature,WaterQuality,1,C,37.2007466666667,-76.2660433333333,0.0
YS,2019-06-20 04:00:00+00:00,24.69,sea_water_temperature,WaterQuality,1,C,37.2007333333333,-76.266055,0.0
YS,2019-06-20 03:00:00+00:00,25.04,sea_water_temperature,WaterQuality,1,C,37.2007566666667,-76.26608,0.0
YS,2019-06-20 02:00:00+00:00,25.17,sea_water_temperature,WaterQuality,1,C,37.2007133333333,-76.2661033333333,0.0
YS,2019-06-20 01:00:00+00:00,25.76,sea_water_temperature,WaterQuality,1,C,37.2007033333333,-76.266135,0.0
YS,2019-06-20 00:00:00+00:00,25.65,sea_water_temperature,WaterQuality,1,C,37.2006666666667,-76.2661066666667,0.0
YS,2019-06-19 23:00:00+00:00,26.05,sea_water_temperature,WaterQuality,1,C,37.2005916666667,-76.2660683333333,0.0
YS,2019-06-19 22:00:00+00:00,25.52,sea_water_temperature,WaterQuality,1,C,37.2005866666667,-76.266055,0.0
YS,2019-06-19 21:00:00+00:00,25.79,sea_water_temperature,WaterQuality,1,C,37.20059,-76.2660316666667,0.0
YS,2019-06-19 20:00:00+00:00,26.54,sea_water_temperature,WaterQuality,1,C,37.2006216666667,-76.2659933333333,0.0
YS,2019-06-19 19:00:00+00:00,26.71,sea_water_temperature,WaterQuality,1,C,37.2006383333333,-76.266015,0.0
YS,2019-06-19 18:00:00+00:00,26.29,sea_water_temperature,WaterQuality,1,C,37.2007133333333,-76.2660283333333,0.0
YS,2019-06-19 17:00:00+00:00,25.62,sea_water_temperature,WaterQuality,1,C,37.20072,-76.2660583333333,0.0
YS,2019-06-19 16:00:00+00:00,25.02,sea_water_temperature,WaterQuality,1,C,37.20071,-76.2660883333333,0.0
YS,2019-06-19 15:00:00+00:00,24.91,sea_water_temperature,WaterQuality,1,C,37.200715,-76.2661183333333,0.0
YS,2019-06-19 14:00:00+00:00,24.47,sea_water_temperature,WaterQuality,1,C,37.200705,-76.2661133333333,0.0
YS,2019-06-19 13:00:00+00:00,24.47,sea_water_temperature,WaterQuality,1,C,37.20066,-76.2660833333333,0.0
YS,2019-06-19 12:00:00+00:00,24.57,sea_water_temperature,WaterQuality,1,C,37.2006133333333,-76.2660683333333,0.0
YS,2019-06-19 11:00:00+00:00,24.48,sea_water_temperature,WaterQuality,1,C,37.200585,-76.2660133333333,0.0
YS,2019-06-19 10:00:00+00:00,24.69,sea_water_temperature,WaterQuality,1,C,37.200605,-76.2659883333333,0.0
YS,2019-06-19 09:00:00+00:00,24.53,sea_water_temperature,WaterQuality,1,C,37.2005916666667,-76.265985,0.0
YS,2019-06-19 08:00:00+00:00,24.57,sea_water_temperature,WaterQuality,1,C,37.2006466666667,-76.265995,0.0
YS,2019-06-19 07:00:00+00:00,24.66,sea_water_temperature,WaterQuality,1,C,37.2007066666667,-76.2660266666667,0.0
YS,2019-06-19 06:00:00+00:00,24.69,sea_water_temperature,WaterQuality,1,C,37.20072,-76.2660533333333,0.0
YS,2019-06-19 05:00:00+00:00,24.66,sea_water_temperature,WaterQuality,1,C,37.200735,-76.2660466666667,0.0
YS,2019-06-19 04:00:00+00:00,24.78,sea_water_temperature,WaterQuality,1,C,37.2007333333333,-76.2660533333333,0.0
YS,2019-06-19 03:00:00+00:00,24.69,sea_water_temperature,WaterQuality,1,C,37.2007466666667,-76.26608,0.0
YS,2019-06-19 02:00:00+00:00,24.42,sea_water_temperature,WaterQuality,1,C,37.2006866666667,-76.26606,0.0
YS,2019-06-19 01:00:00+00:00,24.8,sea_water_temperature,WaterQuality,1,C,37.2006716666667,-76.26609,0.0
YS,2019-06-19 00:00:00+00:00,24.71,sea_water_temperature,WaterQuality,1,C,37.2006266666667,-76.2660883333333,0.0
YS,2019-06-18 23:00:00+00:00,25.06,sea_water_temperature,WaterQuality,1,C,37.2005633333333,-76.26602,0.0
YS,2019-06-18 22:00:00+00:00,25.15,sea_water_temperature,WaterQuality,1,C,37.2005583333333,-76.2659766666667,0.0
YS,2019-06-18 21:00:00+00:00,25.47,sea_water_temperature,WaterQuality,1,C,37.2005533333333,-76.265975,0.0
YS,2019-06-18 20:00:00+00:00,25.29,sea_water_temperature,WaterQuality,1,C,37.200575,-76.2659533333333,0.0
YS,2019-06-18 19:00:00+00:00,24.82,sea_water_temperature,WaterQuality,1,C,37.2006233333333,-76.2659216666667,0.0
YS,2019-06-18 18:00:00+00:00,24.71,sea_water_temperature,WaterQuality,1,C,37.20068,-76.2659133333333,0.0
YS,2019-06-18 17:00:00+00:00,24.68,sea_water_temperature,WaterQuality,1,C,37.2007333333333,-76.2659916666667,0.0
YS,2019-06-18 16:00:00+00:00,24.56,sea_water_temperature,WaterQuality,1,C,37.2007333333333,-76.2660466666667,0.0
YS,2019-06-18 15:00:00+00:00,24.57,sea_water_temperature,WaterQuality,1,C,37.2007433333333,-76.2660733333333,0.0
YS,2019-06-18 14:00:00+00:00,24.38,sea_water_temperature,WaterQuality,1,C,37.2007216666667,-76.2660783333333,0.0
YS,2019-06-18 13:00:00+00:00,24.3,sea_water_temperature,WaterQuality,1,C,37.2007133333333,-76.2660716666667,0.0
YS,2019-06-18 12:00:00+00:00,24.23,sea_water_temperature,WaterQuality,1,C,37.200675,-76.26601,0.0
YS,2019-06-18 11:00:00+00:00,24.28,sea_water_temperature,WaterQuality,1,C,37.2006233333333,-76.2659483333333,0.0
YS,2019-06-18 10:00:00+00:00,24.39,sea_water_temperature,WaterQuality,1,C,37.2006133333333,-76.2659533333333,0.0
YS,2019-06-18 09:00:00+00:00,24.3,sea_water_temperature,WaterQuality,1,C,37.2005916666667,-76.265965,0.0
YS,2019-06-18 08:00:00+00:00,24.33,sea_water_temperature,WaterQuality,1,C,37.200595,-76.26596,0.0
YS,2019-06-18 07:00:00+00:00,24.21,sea_water_temperature,WaterQuality,1,C,37.200625,-76.2659483333333,0.0
YS,2019-06-18 06:00:00+00:00,23.92,sea_water_temperature,WaterQuality,1,C,37.2006666666667,-76.2660233333333,0.0
YS,2019-06-18 05:00:00+00:00,24.51,sea_water_temperature,WaterQuality,1,C,37.20074,-76.266075,0.0
YS,2019-06-18 04:00:00+00:00,24.32,sea_water_temperature,WaterQuality,1,C,37.2007416666667,-76.2660883333333,0.0
YS,2019-06-18 03:00:00+00:00,24.79,sea_water_temperature,WaterQuality,1,C,37.2007483333333,-76.2660983333333,0.0
YS,2019-06-18 02:00:00+00:00,24.89,sea_water_temperature,WaterQuality,4,C,37.2007466666667,-76.2661033333333,0.0
YS,2019-06-18 01:00:00+00:00,24.46,sea_water_temperature,WaterQuality,1,C,37.2007116666667,-76.2661466666667,0.0
YS,2019-06-18 00:00:00+00:00,25.18,sea_water_temperature,WaterQuality,1,C,37.20065,-76.2660666666667,0.0
YS,2019-06-17 23:00:00+00:00,24.7,sea_water_temperature,WaterQuality,1,C,37.2006383333333,-76.2660883333333,0.0
YS,2019-06-17 22:00:00+00:00,24.9,sea_water_temperature,WaterQuality,3,C,37.2005833333333,-76.2660033333333,0.0
YS,2019-06-17 21:00:00+00:00,27.17,sea_water_temperature,WaterQuality,1,C,37.2005633333333,-76.2660183333333,0.0
YS,2019-06-17 20:00:00+00:00,27.4,sea_water_temperature,WaterQuality,3,C,37.2005833333333,-76.266,0.0
YS,2019-06-17 19:00:00+00:00,25.53,sea_water_temperature,WaterQuality,1,C,37.2006016666667,-76.2659683333333,0.0
YS,2019-06-17 18:00:00+00:00,26.39,sea_water_temperature,WaterQuality,1,C,37.2006683333333,-76.2660116666667,0.0
YS,2019-06-17 17:00:00+00:00,25.86,sea_water_temperature,WaterQuality,3,C,37.2007083333333,-76.26604,0.0
YS,2019-06-17 16:00:00+00:00,24.74,sea_water_temperature,WaterQuality,1,C,37.2007166666667,-76.2660583333333,0.0
YS,2019-06-17 15:00:00+00:00,24.05,sea_water_temperature,WaterQuality,1,C,37.2007366666667,-76.2660733333333,0.0
YS,2019-06-17 14:00:00+00:00,23.48,sea_water_temperature,WaterQuality,1,C,37.2007233333333,-76.26609,0.0
YS,2019-06-17 13:00:00+00:00,23.26,sea_water_temperature,WaterQuality,1,C,37.200725,-76.2661216666667,0.0
YS,2019-06-17 12:00:00+00:00,23.1,sea_water_temperature,WaterQuality,1,C,37.2007083333333,-76.2661166666667,0.0
YS,2019-06-17 11:00:00+00:00,23.16,sea_water_temperature,WaterQuality,3,C,37.2005983333333,-76.26605,0.0
YS,2019-06-17 10:00:00+00:00,23.89,sea_water_temperature,WaterQuality,3,C,37.2005866666667,-76.26602,0.0
YS,2019-06-17 09:00:00+00:00,23.38,sea_water_temperature,WaterQuality,1,C,37.2005733333333,-76.265955,0.0
YS,2019-06-17 08:00:00+00:00,23.54,sea_water_temperature,WaterQuality,1,C,37.2005883333333,-76.2659716666667,0.0
YS,2019-06-17 07:00:00+00:00,23.51,sea_water_temperature,WaterQuality,1,C,37.200575,-76.2659566666667,0.0
YS,2019-06-17 06:00:00+00:00,23.72,sea_water_temperature,WaterQuality,1,C,37.2006283333333,-76.2659216666667,0.0
YS,2019-06-17 04:00:00+00:00,23.49,sea_water_temperature,WaterQuality,1,C,37.200735,-76.2660416666667,0.0
YS,2019-06-17 03:00:00+00:00,23.61,sea_water_temperature,WaterQuality,1,C,37.20073,-76.26607,0.0
YS,2019-06-17 02:00:00+00:00,23.5,sea_water_temperature,WaterQuality,1,C,37.2007416666667,-76.26609,0.0
YS,2019-06-17 01:00:00+00:00,23.55,sea_water_temperature,WaterQuality,1,C,37.2007383333333,-76.26611,0.0
YS,2019-06-17 00:00:00+00:00,23.69,sea_water_temperature,WaterQuality,1,C,37.2007116666667,-76.2661116666667,0.0
YS,2019-06-16 23:00:00+00:00,23.82,sea_water_temperature,WaterQuality,1,C,37.2007183333333,-76.26609,0.0
YS,2019-06-16 22:00:00+00:00,23.81,sea_water_temperature,WaterQuality,1,C,37.2006166666667,-76.2660083333333,0.0
YS,2019-06-16 21:00:00+00:00,23.63,sea_water_temperature,WaterQuality,1,C,37.20057,-76.265995,0.0
YS,2019-06-16 20:00:00+00:00,23.6,sea_water_temperature,WaterQuality,1,C,37.2005833333333,-76.26596,0.0
YS,2019-06-16 19:00:00+00:00,23.44,sea_water_temperature,WaterQuality,1,C,37.2005866666667,-76.265945,0.0
YS,2019-06-16 18:00:00+00:00,23.34,sea_water_temperature,WaterQuality,1,C,37.2006216666667,-76.2659183333333,0.0
YS,2019-06-16 17:00:00+00:00,23.24,sea_water_temperature,WaterQuality,1,C,37.2006633333333,-76.2659233333333,0.0
YS,2019-06-16 16:00:00+00:00,23.11,sea_water_temperature,WaterQuality,1,C,37.2006983333333,-76.26595,0.0
YS,2019-06-16 15:00:00+00:00,22.96,sea_water_temperature,WaterQuality,1,C,37.2007416666667,-76.2660266666667,0.0
YS,2019-06-16 14:00:00+00:00,22.77,sea_water_temperature,WaterQuality,1,C,37.20073,-76.2660583333333,0.0
YS,2019-06-16 13:00:00+00:00,22.74,sea_water_temperature,WaterQuality,1,C,37.20074,-76.2661133333333,0.0
YS,2019-06-16 12:00:00+00:00,22.74,sea_water_temperature,WaterQuality,1,C,37.2007616666667,-76.26611,0.0
YS,2019-06-16 11:00:00+00:00,22.8,sea_water_temperature,WaterQuality,1,C,37.2007466666667,-76.2660883333333,0.0
YS,2019-06-16 10:00:00+00:00,22.9,sea_water_temperature,WaterQuality,1,C,37.2007083333333,-76.2660333333333,0.0
YS,2019-06-16 09:00:00+00:00,22.95,sea_water_temperature,WaterQuality,1,C,37.200615,-76.2659783333333,0.0
YS,2019-06-16 08:00:00+00:00,22.85,sea_water_temperature,WaterQuality,1,C,37.2005783333333,-76.265965,0.0
YS,2019-06-16 07:00:00+00:00,22.84,sea_water_temperature,WaterQuality,1,C,37.2005766666667,-76.2659416666667,0.0
YS,2019-06-16 06:00:00+00:00,22.99,sea_water_temperature,WaterQuality,1,C,37.2005783333333,-76.26593,0.0
YS,2019-06-16 05:00:00+00:00,23.16,sea_water_temperature,WaterQuality,1,C,37.20061,-76.2659,0.0
YS,2019-06-16 04:00:00+00:00,23.1,sea_water_temperature,WaterQuality,1,C,37.2007383333333,-76.2660366666667,0.0
YS,2019-06-16 03:00:00+00:00,23.19,sea_water_temperature,WaterQuality,1,C,37.2007566666667,-76.26607,0.0
YS,2019-06-16 02:00:00+00:00,23.25,sea_water_temperature,WaterQuality,1,C,37.20076,-76.26608,0.0
YS,2019-06-16 01:00:00+00:00,23.25,sea_water_temperature,WaterQuality,1,C,37.2007516666667,-76.2661116666667,0.0
YS,2019-06-16 00:00:00+00:00,23.38,sea_water_temperature,WaterQuality,1,C,37.200725,-76.2661316666667,0.0
YS,2019-06-15 23:00:00+00:00,23.43,sea_water_temperature,WaterQuality,1,C,37.20074,-76.2661233333333,0.0
YS,2019-06-15 22:00:00+00:00,23.52,sea_water_temperature,WaterQuality,1,C,37.20069,-76.2661033333333,0.0
YS,2019-06-15 21:00:00+00:00,23.52,sea_water_temperature,WaterQuality,1,C,37.200655,-76.2660383333333,0.0
YS,2019-06-15 20:00:00+00:00,23.41,sea_water_temperature,WaterQuality,1,C,37.2006116666667,-76.265975,0.0
YS,2019-06-15 19:00:00+00:00,23.33,sea_water_temperature,WaterQuality,1,C,37.2005983333333,-76.2659683333333,0.0
YS,2019-06-15 18:00:00+00:00,23.37,sea_water_temperature,WaterQuality,1,C,37.2006033333333,-76.2659666666667,0.0
YS,2019-06-15 17:00:00+00:00,23.17,sea_water_temperature,WaterQuality,1,C,37.2006383333333,-76.2659616666667,0.0
YS,2019-06-15 16:00:00+00:00,23.04,sea_water_temperature,WaterQuality,1,C,37.2006766666667,-76.265995,0.0
YS,2019-06-15 15:00:00+00:00,22.91,sea_water_temperature,WaterQuality,1,C,37.2006933333333,-76.266025,0.0
YS,2019-06-15 14:00:00+00:00,22.89,sea_water_temperature,WaterQuality,1,C,37.2006983333333,-76.2660416666667,0.0
YS,2019-06-15 13:00:00+00:00,22.66,sea_water_temperature,WaterQuality,1,C,37.20071,-76.266085,0.0
YS,2019-06-15 12:00:00+00:00,22.62,sea_water_temperature,WaterQuality,1,C,37.2007083333333,-76.2660883333333,0.0
YS,2019-06-15 11:00:00+00:00,22.62,sea_water_temperature,WaterQuality,1,C,37.2007016666667,-76.266105,0.0
YS,2019-06-15 10:00:00+00:00,22.78,sea_water_temperature,WaterQuality,1,C,37.20071,-76.26608,0.0
YS,2019-06-15 09:00:00+00:00,22.74,sea_water_temperature,WaterQuality,1,C,37.2006333333333,-76.266055,0.0
YS,2019-06-15 08:00:00+00:00,22.86,sea_water_temperature,WaterQuality,4,C,37.200605,-76.266025,0.0
YS,2019-06-15 07:00:00+00:00,23.08,sea_water_temperature,WaterQuality,1,C,37.2005866666667,-76.2660066666667,0.0
YS,2019-06-15 06:00:00+00:00,23.09,sea_water_temperature,WaterQuality,1,C,37.200585,-76.2659916666667,0.0
YS,2019-06-15 05:00:00+00:00,23.14,sea_water_temperature,WaterQuality,1,C,37.2006083333333,-76.2659533333333,0.0
YS,2019-06-15 04:00:00+00:00,23.14,sea_water_temperature,WaterQuality,1,C,37.2006616666667,-76.265975,0.0
YS,2019-06-15 03:00:00+00:00,23.0,sea_water_temperature,WaterQuality,1,C,37.2007116666667,-76.2660216666667,0.0
YS,2019-06-15 02:00:00+00:00,23.1,sea_water_temperature,WaterQuality,1,C,37.2006966666667,-76.2660583333333,0.0
YS,2019-06-15 01:00:00+00:00,23.24,sea_water_temperature,WaterQuality,1,C,37.200705,-76.2661033333333,0.0
YS,2019-06-15 00:00:00+00:00,23.24,sea_water_temperature,WaterQuality,1,C,37.200685,-76.26611,0.0
